date,target,strong_1,strong_2,strong_3,medium_1,medium_2,medium_3,medium_4,weak_1,weak_2,weak_3,weak_4,noise_1,noise_2,noise_3,noise_4
2008-01,0.1578297565,-1.4823794352,1.0904729916,-0.1586221179,-0.3797902681,0.6472858285,-1.5237006030,-1.4246593806,0.8866728909,-0.2746395491,1.4648083426,0.6610588635,0.3183087327,1.1936321533,-1.0537739464,1.7858226227
2008-02,-1.3175604516,-1.0062691451,1.0978499306,-0.0193430747,1.7888458861,-0.5018504731,-0.7287170892,0.7439701771,0.5656343751,1.5827797633,0.4728950910,0.2555499400,0.1952429474,1.2455714008,-0.6207342550,0.6808200767
2008-03,-1.4455303310,1.5991360553,1.4582897404,1.5853007362,1.3301553430,-0.5496415110,-0.2809333554,0.5537248383,-0.5383223801,-2.1535910887,0.0946389339,-1.1309473169,-0.0911823942,-0.4992920177,0.4128165337,0.7045340320
2008-04,2.3614733591,0.5333836527,0.2568964183,1.6667142317,0.0850707425,0.2919827874,-1.2570857860,-2.0074204331,-0.7393599657,-0.5147347404,1.5173381554,-1.1571363404,1.1720607024,1.4641163802,0.8325953025,0.2587581299
2008-05,2.2246106672,0.3105819830,-0.4835909101,0.2938956883,-0.0677485489,1.1662669028,-1.0392130377,-0.8719164878,0.2782530366,-0.2990643970,-0.2744998932,-0.2228294218,0.1932685414,-2.3550730494,0.7119217026,-0.8488914163
2008-06,1.0338562862,-0.2848632333,0.8747806011,0.2231905268,0.3047156872,-0.5421791765,-2.1636139507,-0.8970537395,2.5813342722,-0.4873876838,-0.2163535240,-1.8277355072,0.0719289749,-0.2147205194,0.5352836123,-0.0611693585
2008-07,0.0743434561,0.1768212881,0.8222926832,-1.1556953460,-1.1397681919,-0.9051561321,-1.4239993174,-0.1676639027,1.2497181511,0.4693813527,0.5776001642,-0.2705224588,0.4165582298,0.3344583013,-0.5914207949,0.0852769239
2008-08,-1.1844457722,-1.3774515732,-0.8398714916,1.1466859879,0.0500313935,0.1725322279,-0.6062869974,-0.9042723735,-0.5001165754,1.0306418257,-0.1594237718,0.3717124599,1.8191460509,-1.4333962226,-0.2030402648,-1.3114395613
2008-09,-0.5428362415,0.4513562840,1.0744583031,0.2358001000,0.0177369628,0.6082786777,2.2706144278,0.7017676813,-0.4020060796,-1.3057149800,-0.1425844585,0.1602951113,-0.0299910935,-1.5752048822,0.9918731511,1.4587413127
2008-10,-0.0582972046,-1.4912361170,0.2064004156,-0.3190033810,-0.2513446437,-0.9200704219,0.4575402407,0.1575556036,1.4319176563,-0.7064912521,0.9672479267,0.6559410447,0.5331220340,-0.1097400361,0.9501440394,-0.5945449697
2008-11,-0.4861925831,1.2225279132,0.2586846532,-0.4770642698,-0.1112905064,-1.1139134707,0.4166176102,1.1320358289,-0.2491308959,0.0650185322,0.1029560557,-0.1845894204,-0.0994797070,-1.5322864636,2.1597385758,-1.1804628203
2008-12,0.8966514247,0.3372262006,0.3318575076,-0.6561326652,-0.3809725889,-1.1073659352,0.3601945111,2.1883316041,-0.5122626456,-1.3801387910,-0.0588111194,-0.6262463079,-0.8476878643,-0.8730981523,0.1199496963,-1.2549125145
2009-01,0.2576667515,-0.0430562211,1.4706551297,1.0224185673,-0.2410698231,-1.8949802981,0.4000693792,0.9799330081,0.1858251094,-1.1993026233,0.2554168596,0.4556582439,-0.1749457024,0.0578375737,1.1832457487,-0.1033083818
2009-02,0.2276181208,-0.4670852237,-1.0665556478,0.1142665761,-0.2909418404,-0.8387334274,1.9950074363,-0.2489058377,-1.1454244249,-1.2636637050,-2.1393832607,0.0495471215,0.6087936541,-1.5679766999,-0.3630139864,-0.8423198428
2009-03,1.0934109459,-0.1308371632,-0.6385524265,0.6893398557,-1.0134635170,1.8783058474,2.3434480742,-0.9879405587,-1.1383521903,-0.3409134242,0.2329509886,1.2118628192,-1.4712131703,-0.0445046193,1.3973522715,0.9536389685
2009-04,0.5564186282,0.5432941740,0.5938112764,2.4275437469,-0.3629310348,-0.4012390703,-1.2678667730,0.3705403289,-0.9595564452,0.5176377246,-0.1413320578,0.6987708794,-0.2127387580,-0.1417208242,0.1680255678,2.7509719724
2009-05,1.2715618520,0.5354812144,0.7893395136,0.0886779648,-0.6507353819,-2.1957188429,0.2443686657,0.1401557924,1.1039306099,0.3777964139,0.8612841759,-0.6562284376,-1.2965588743,-0.8840992045,-0.2177478970,0.1706912935
2009-06,0.2751738418,0.3861405836,-0.0671517235,0.0200089736,-0.6309698173,-0.1505321371,0.7279236191,-0.0910040187,0.5427382572,-1.9143016939,0.3580205789,-1.8503244414,0.1327637661,-0.3922376677,-1.2380129766,-0.3999847962
2009-07,1.7209583518,1.3720923884,-0.2207776730,0.4103556183,0.1519286002,1.2831683736,0.6394448879,0.0486500857,0.2796245096,-0.7255987820,-1.3633183578,0.3922201395,2.1111046140,1.6634824307,-0.4734499336,0.8034208270
2009-08,1.2893232855,-0.2521305327,1.4936689381,0.5621042718,0.1589672777,-0.0608233602,0.4813826983,0.8017708456,1.0550618561,-1.1080311065,-0.7688405434,0.6337921001,0.5566958333,0.9067937571,-1.8644741151,-0.7481699173
2009-09,0.8467252372,0.7301594433,1.3549039944,-0.8565598747,0.5914377515,0.6689508191,0.9947463846,0.0472333332,0.6334173798,0.5503069154,-0.3661496196,-0.8950547120,-0.0960682125,-0.2942332710,0.3213186036,-0.0499909317
2009-10,-1.1108545305,0.6501680217,0.8800296410,0.7653027347,-1.0456680209,1.2919498852,0.3629197617,-0.9175256767,-0.9607676623,1.9917397088,0.9562938178,-2.4759841170,0.4559419936,3.1001639348,0.3282750013,0.8862133365
2009-11,-0.5661788590,-0.4565782799,1.3502145969,0.2469763854,0.1690610686,0.2221679369,0.0962487656,1.0588357580,0.0335794995,0.2970755690,-0.6353586465,1.5510506674,-1.6057828476,-1.0241010844,-0.2039684341,1.4232022643
2009-12,-2.0763022146,-0.8747476261,0.3254358611,-1.8351559876,0.0106524126,0.7883437113,-1.4076465246,-0.1167001063,0.9724558547,0.2215775603,-0.4324978779,0.0708398458,-0.1254937111,-0.9791660041,-0.8074868811,0.5507256849
2010-01,-2.8203388777,2.0553195120,-0.4845042906,-0.9115116686,0.2606516077,0.3332542752,0.8001092227,-0.7926494363,0.2483664808,-0.1295074523,-0.6100751363,-0.8648479394,-1.8054412197,2.3751501193,-1.5583475342,-1.5270853437
2010-02,0.0687295202,0.6015382668,0.1274114099,0.0585491731,-0.4580415770,0.9500408726,-0.5275958231,-1.6130272116,1.1259748468,1.5135563390,1.1622571576,-1.3302554187,-0.3238991018,3.2163248940,-0.8612534008,-0.2034964874
2010-03,0.3621314209,-0.0794167473,-0.2879068669,0.1062969462,-1.0625085688,1.8551973582,-1.2090839873,-0.7477111931,1.4933317483,-0.1622181299,0.4546867663,-0.2381522715,-1.0531405163,-0.3822557409,0.2959952847,-0.5561291412
2010-04,-0.4370863938,-0.4572363584,0.3251287881,-0.6760769504,-0.4531331751,1.0066963804,0.1305342375,-0.1618357253,1.7149478644,-0.1851627423,-1.6690956663,0.4560756786,-0.9276480338,0.0542501410,1.1095234757,0.4183748067
2010-05,-0.9873320431,-0.9756798755,-0.2092607673,-0.6999236674,1.1787165117,-0.0170083295,1.0600804547,1.9454684231,0.3763347871,0.3983363637,-1.1401058576,-1.0562544373,0.4798532789,-0.4463019631,-0.9054764960,0.6427716004
2010-06,-1.7168290272,1.0816632434,0.3399478537,-0.5773610193,1.6090655020,0.1808354456,0.1029650103,1.3819430717,-1.0540426073,-0.1983955545,-0.7602584448,1.2304404768,0.1266736831,-0.4355342893,1.6005845325,-0.5815700271
2010-07,-0.3397584769,1.0292075494,-0.0378490211,-0.5350338239,1.3358032907,0.2529872902,-0.9300315910,-0.2486694001,-0.2131179288,2.2461715688,-0.4630592839,-1.2728439315,-1.1652775884,-0.1770235429,-0.9159019244,0.6612712873
2010-08,-0.6449581382,-0.3871963115,0.7638970369,-1.0596781236,-1.9958142585,0.5616577301,0.1310021705,0.3504358346,0.8981426252,-1.3988066698,0.5192168454,-1.1295056143,0.1446453810,0.2763389616,-0.8738236964,-0.3566895016
2010-09,-2.6941314372,0.9870202870,1.3535602160,0.2256060352,1.0660521666,1.1136249011,0.8430008431,-0.5845879520,0.8195791946,-1.1228414703,0.1698488290,-0.1336911017,2.5724336900,0.6648458703,0.2244391530,-0.4469122161
2010-10,-0.6472237976,-0.2694210156,-0.5264208097,0.9658572305,0.6324948052,1.8610713679,1.6909421993,0.5322981768,0.0191910901,-0.7281065640,0.6750527270,1.7444536190,1.1299319088,0.3497015034,-0.1686079291,0.1999439869
2010-11,0.2531756896,-0.1492136567,1.3446176352,-0.0509528520,-0.3874031541,-0.5416172616,-0.2234754681,-0.1183060200,-1.5171809621,0.4595663884,-0.0891987765,0.9282316553,0.4213702964,0.0559572713,-0.3640053165,-0.9853583629
2010-12,-1.4259772614,1.4311218846,-0.0605439983,-2.3573729284,-0.9853635093,-0.2323207249,0.1393319281,1.3588578909,1.0822783983,1.3447463542,-0.4943582937,-0.4678224925,-1.3415824827,0.7751308824,-0.2487873727,1.4741203888
2011-01,-0.2522484724,1.5813538297,-2.3554902738,-0.6632753552,-2.0135253796,-0.8285594046,0.5697297661,-0.9725852819,-0.3038690344,-0.0709421607,-0.4847639849,-0.3220477520,-0.4613208168,0.1228899645,-0.7694138144,0.6241857226
2011-02,1.9345178660,-0.0071696318,-1.2498810846,-0.5801714042,-1.8638025267,-0.7870691206,0.5419367210,0.6515628335,0.8702683012,-1.0968146711,1.5271890476,-0.0324626164,0.7634410636,1.6164500779,0.6468882830,0.7874112492
2011-03,2.1635620203,0.4794867129,1.2188700318,-0.3967549981,-2.2576388383,0.3933796325,0.5884331225,-1.4163427111,-0.9201538072,0.4962233270,0.3304917389,0.8653380211,-1.2744255844,1.6819790588,0.7354737658,0.9932181022
2011-04,-1.6527210085,-0.8839304932,0.6912043563,-1.3053588664,0.8221484230,1.1063157984,0.1830491353,-0.2329520631,-0.6055405072,-1.1524103795,-1.3124725296,-1.6327180287,-2.8806963999,2.4172080032,-1.2325877912,0.7407949001
2011-05,-2.0475453452,-0.8922767000,-0.1051529376,-0.5035771687,0.0635267714,-0.0024549672,-1.4884863671,0.3125999043,0.2800533657,-0.9221102076,-0.4648147879,-1.3817406282,-2.1418821117,-0.7163638487,-0.7599797812,-1.1488438695
2011-06,-1.7087493116,0.2891402326,0.1710469949,0.3679352355,-0.6497477188,0.9028063791,0.1611048139,-0.5730876603,-0.0271177703,-0.9028808044,-0.3592273954,0.4124469648,-1.4236537533,-2.0792690918,-0.3407127649,-0.5904509475
2011-07,-0.7657662011,0.6137516662,0.4871242835,1.3041391760,2.3341208967,1.5724834408,0.1178755428,-1.2492792026,-0.0468169460,0.1391276057,0.1797706270,1.1015845778,1.5181291090,-0.2177137755,-1.1792423681,-0.8152832443
2011-08,1.3581857737,-0.3487475428,-0.6509218597,-0.1475143626,0.6414118291,-1.0546927627,0.7762044149,-0.3042465875,-0.7111496739,0.1998422960,1.0978055593,1.8511329988,2.5086797090,-2.5325963713,0.4778218841,-0.3805573889
2011-09,0.8027669458,-1.1009737191,0.6569297910,-0.6931423494,0.9425542538,-2.0386387225,-0.0945493369,-0.6485297599,0.2642214931,2.5011255476,-0.3120049486,0.9744518983,1.1884344175,0.4475709611,-1.2835566498,0.1193746544
2011-10,-0.9433948215,0.2813464067,-0.0257861152,-0.3117919434,1.2330729720,1.2643407723,2.1274215003,1.4603968536,0.6832229056,0.2779495804,0.3890530236,0.1590722362,0.1442223856,-0.5681992041,-2.4486024715,-0.8326758945
2011-11,0.1391088401,1.2179175208,-0.2066758776,0.3176693801,-0.1952458346,0.9174715664,1.0794107556,1.3586667516,1.0096445267,-0.7425427540,1.5333845177,-0.4294218040,1.5388743366,1.6686140782,-1.5174773746,-1.4292938463
2011-12,1.1612356840,0.6128191164,-0.3021422938,1.3106889862,-0.6127451568,0.2971388086,1.3814430700,-0.9155275375,0.1783639374,0.5574328746,1.8411407817,0.0897328405,0.3761416307,0.6220569140,-0.8938527952,-0.1233218785
2012-01,2.4421976080,0.0435080155,-2.5599084683,-0.5245364229,-0.7174022952,1.6073526487,0.7639115555,1.3842479101,1.7184571756,1.9565056986,1.5012804264,0.8840887676,1.1411140403,0.1756385461,-0.3885826261,-1.1142428989
2012-02,1.6179889240,-0.3794978060,-0.3004246352,-0.6116189717,0.6726768035,0.3448825165,0.1066771525,0.9111508118,1.5187267677,-0.9666844127,0.9393778958,0.4466646978,2.1149318145,1.0190428296,0.5639853122,0.0415229479
2012-03,0.4395921299,-0.3002889801,0.4620184017,-0.3643979944,0.4862023333,-1.0493817468,-0.3108324351,-1.6730260892,1.2238412274,-0.3949304421,-1.1917086436,-0.9622602834,1.9134051546,-0.2193104719,-0.2203566027,-0.2966200032
2012-04,0.9040436613,0.0195773263,-0.2301532265,0.9321965413,0.5859572013,-0.2204580948,-0.7445688751,0.9931200776,0.8738913990,2.1293593999,-0.6539868967,-1.7671164243,1.4865269483,0.5599944677,-1.0051072448,-1.1791908477
2012-05,1.2648320048,0.1392391309,1.2295058321,1.1829085266,-0.4899950733,0.0351487485,-1.4470655189,1.5080577351,0.9183194535,-0.1673443281,-0.5860652773,-1.3729745794,1.0297466419,1.4044297125,0.1073668378,1.3468673462
2012-06,-0.5935772929,0.9839359226,-0.5834617056,1.7109133802,-0.9757596151,0.2450173334,0.4735182463,0.2746904687,0.3507885750,0.3589718506,-0.8235903710,-0.3315272960,0.2011254394,2.2624418888,0.7782605693,-0.0515679837
2012-07,1.4233567088,0.3197875668,2.8599577054,-1.4757469790,1.2264420958,-1.8113351810,0.1429191651,-0.3857655585,-0.2682064973,-0.1283885115,-1.2947398135,-1.6610595774,-1.4704628949,0.8205962300,-1.4410884490,0.4083986417
2012-08,0.3946077038,-0.6120462703,0.4859917814,-0.0227160743,-1.4061568343,0.6921035614,0.8417067678,1.5922123242,0.0400539212,1.0629593271,-1.6575343901,-0.7044182362,-0.3434450994,1.5315197282,-0.9327342744,0.5919746959
2012-09,-1.6852152822,-1.6137110526,0.0090639601,1.2074084950,-1.5676682314,-0.0657223525,0.9480044859,-0.1048960969,0.3854238528,0.9143862434,-1.3269157485,-0.5036956676,-0.8078648839,-0.2003518690,0.3142091048,1.0811421460
2012-10,-1.2875974213,0.6957261722,-0.4576749991,-1.0867221322,-2.3221021185,-1.2955405923,0.0514447639,-2.4592758643,0.5801453468,0.2167094431,-0.4450138010,-1.1031529237,-0.3581245021,-0.4885926538,0.3599144458,0.4058388026
2012-11,-0.0770210132,0.5241142025,-0.3289124920,1.3340423122,-2.3172171912,-0.2745850973,-0.0118240744,-0.2992127336,1.9113430157,-0.4463798665,2.2546415329,0.8840329707,-0.7200225420,0.8508330977,-0.1470919436,0.6352640330
2012-12,1.4331541488,1.0319975111,0.4234104803,-0.4748887529,-2.5286750691,-0.4800188621,-0.9476594052,-0.1257216344,0.8769450775,-0.3130468088,-0.1218272662,-0.1487165335,2.1370032534,0.5275068278,1.2348358621,0.1244840566
2013-01,-0.5363654776,0.6978356429,-0.3841677894,-0.6366110333,-0.7103835888,1.3082507237,-1.5379780537,-1.0566722513,0.5163433974,0.2636411977,-0.3872234281,0.0161998742,0.3800830373,1.2513292581,-0.9087032153,0.1603324824
2013-02,-0.7840945863,0.1708646907,-1.3340161321,-2.0701462045,0.2739949162,-0.1732563377,-0.1173513100,-0.0824531670,-1.0434888609,0.5971787069,1.4613998496,-0.4860948892,-0.2546574144,0.8627989750,-1.7168132457,0.0221192635
2013-03,0.5680692086,0.7764016077,-0.8911824006,-0.1146790890,-0.5166672226,0.3333972290,1.0314616836,-0.7309825930,-2.3599375214,0.5640115387,2.3067263845,0.6717775829,0.8852505874,-2.9032265728,0.9325199961,1.7850291123
2013-04,1.1538380115,1.9230944066,-1.3919191414,0.7864672729,-1.1762436940,0.6556883457,0.0302940582,-0.5527699584,0.9022885906,1.1944314959,0.0797151120,-0.2748538736,-1.3722040776,-1.3390497388,-0.9512405696,0.0646884553
2013-05,2.4891477287,-1.5060923096,1.0713685847,-0.8265659621,-0.1406406478,0.3284154059,-0.8529429811,1.2551709080,1.7236951908,0.4748206008,-0.6605140389,-1.2857702897,-1.7467562261,0.2146425311,-1.1250260648,-0.0778558203
2013-06,-1.8505256349,-0.4061910171,1.5806889432,0.8930857082,-0.5646759176,0.8361320144,1.7372510457,0.6243034153,-0.1811901902,0.6977884763,0.2154734337,0.7973433605,0.1422603521,-0.5954621909,-0.5965436095,-0.5980877978
2013-07,-1.7684953001,0.1210997579,-0.4301207949,0.3595631069,-1.5956882971,-0.7210341446,1.4089094386,1.4905529160,1.4703432672,1.1837291967,0.8152116101,-0.2969904479,0.4341870974,-1.5269772215,0.2871527961,0.6901690074
2013-08,-0.5850039350,1.3510006113,-0.5818435711,0.1920644266,-0.5129734775,0.0107973228,1.3178152433,1.2661215631,1.0769942324,1.7957604445,0.0654325287,-0.7801630641,-0.1941513267,-0.6070961234,-0.1796555303,-0.1604487764
2013-09,1.5618223133,-0.8005347399,-0.9868457895,-0.1604807987,0.1243906208,-0.6415153288,-1.6208673062,-0.3988646923,0.1645260259,0.5291509321,-1.4091087236,-0.4008741969,-0.6841633860,0.6901484256,0.3071835747,0.4927618232
2013-10,-0.4412758978,-1.2676009190,-0.9114747287,0.7699361638,-1.9618241436,-2.1849806729,-0.9983707611,1.1923719088,-0.1796070520,0.3811498753,-0.5635627121,-0.3698959748,0.9426235307,-1.9945665108,1.0316200369,-0.4174288034
2013-11,-0.7176362120,1.2348700437,1.5008419542,-0.8400374172,-0.6095029379,-1.1302104717,2.4893961417,0.0441349684,-0.7097735187,-0.8965268815,0.8390963821,0.7874832801,1.1693643329,-0.3541910096,0.5782267347,-1.1840517538
2013-12,0.0749381413,1.5706922568,-0.2752104454,-1.4974121244,-1.0453653162,0.0823007349,0.7488389372,-2.3073885820,1.1855967404,0.4562966144,-1.0767055973,-0.0171081316,-1.4397527291,0.1258406240,-2.2766012413,-0.3363341843
2014-01,1.3107395412,-0.5969015578,-1.5270922891,0.2123359752,-0.1495869445,-0.8698316510,-0.6196833274,-0.0253261965,0.7254990710,-0.1966402630,-0.1321927521,-1.0287692235,0.7501226886,-1.2699293011,-0.1662522038,-1.1644192695
2014-02,1.7278613192,-0.0797058708,0.8765104762,-0.9918741526,-0.2424658230,-0.4094407037,1.7896929831,-1.7778085314,-0.3493012994,0.0954464172,0.9018960876,-1.3902476230,0.5443885387,0.6437331309,-0.2900713226,-0.2468685374
2014-03,1.4969634506,-1.0875184230,-0.6982219748,-1.5687973113,-0.1604113792,-0.4039613446,-0.3350632553,-0.5079946569,-0.2116131709,0.3382708512,-0.3693158793,0.8176403917,0.6887967738,-0.3205637368,-0.3582104105,0.3062335432
2014-04,-0.3928138022,-1.1570788269,0.1354903569,-0.9784760062,2.3337268138,-0.6689798618,-1.2995532307,0.8873228765,-0.8614578416,-1.9809217637,0.3073568302,1.4080677769,0.5939711272,0.8381147958,-0.4902078549,0.3164896713
2014-05,-1.8018154111,0.6688165169,1.3602453696,0.5768334108,2.9573505054,0.0139769219,0.0263274698,3.2379751352,0.6401060581,0.5490163912,-0.2615742577,1.2560139194,0.7498015687,1.1198843807,1.4598527045,1.0231688397
2014-06,-0.6849694037,0.7962016574,-0.1914112810,-1.2103202703,1.6938726543,-2.1348130203,0.8075659442,1.6938236284,0.0640198464,-0.2551218978,0.7077917007,-0.6439347098,0.6473033423,0.0103868710,3.4698015666,1.3009247577
2014-07,1.0305637098,0.4477074096,1.6402909367,-1.1347022351,-0.3584909353,-0.6690071610,-0.0947990579,0.3311938983,2.5658210300,-0.0984362427,0.7974257808,0.8233967268,-0.2282482478,0.4515741663,3.1527173672,1.2891240150
2014-08,-0.3572284097,-0.6086702689,-0.6285538540,2.7573958620,-0.4620088923,0.5409673004,1.0705938436,0.0303501783,-0.3188384023,-0.8862734872,-1.5676799043,-1.5151640130,-0.9398978521,1.5346569036,0.5151854357,1.9623349918
2014-09,1.1578676767,0.3366263719,-0.4892634857,-0.4709269267,2.5590770672,-2.0914953963,0.2971952457,-0.6795779766,0.5362901598,0.1247024642,-1.2084578486,0.8732349776,-1.0885679999,0.9737920833,-0.3724526489,-0.0786620228
2014-10,2.8791947562,-0.1967988999,-0.9935871735,-1.1569403017,2.7271830860,-3.0124577944,-1.2721074644,1.5710231243,0.7941951008,1.1326943166,-0.8837687692,1.9195962871,1.2375186890,1.9809662825,0.8620175240,0.0804090710
2014-11,2.0045900217,-0.0201959408,0.1846678262,-1.5935393504,-0.3002380208,0.3091946729,-1.1407793400,0.8799550081,0.3142120554,1.5556247368,-0.1335016954,-0.8346906495,0.7333333805,1.9563064931,-0.2126178342,-1.3056777615
2014-12,-1.2615358283,-0.0720648319,-0.0050440044,0.5177716308,-1.6400395706,-0.8435760916,-1.3744353133,0.0783501686,1.0011266432,-0.2192910760,0.5440959096,0.5882118265,0.0388338052,0.3994296383,-0.8020557508,2.0340707732
2015-01,-1.1128270457,0.5801572057,0.3509634630,0.3269815875,0.5401136256,0.5015254279,0.6018365148,-1.5524643803,-0.9815350685,0.8582183426,-0.0834188747,0.0052378801,-0.2329172317,-0.9147720252,-1.6486573719,1.1100649388
2015-02,-0.0458148840,0.8995231672,-0.2592036214,-0.6201467015,0.4198351013,0.1235772355,0.0726896721,0.3579624953,-0.7702408596,0.4526197837,-0.4870929474,1.1121375542,-1.1184959090,-1.6836433742,0.0867153518,-0.1918112458
2015-03,0.0244579316,0.6646889661,-0.2435148318,0.4007896615,0.6029342789,1.0904263826,-0.4565507097,-1.1032784604,-0.1131381019,0.3548221572,2.7610512863,-1.2364998697,-0.8412122105,-0.6725807676,0.1145842587,-2.5826343242
2015-04,1.3248129619,1.5907364901,-0.8841579600,0.8673585916,-0.1167634744,1.3030974732,0.6834880822,0.0030589958,1.1287485568,1.4882286603,0.1847414861,-1.7132852788,-0.6561915253,-0.4080392889,0.5896099762,0.1188821252
2015-05,2.9639718680,0.8377106968,1.5302295455,0.1723641355,0.8018040185,0.3659586635,-0.1017639214,1.7841310410,0.0192748663,0.5512888150,-0.6309989660,0.0147639520,-1.9711137186,2.4333384704,-1.3359493885,-2.0386057486
2015-06,-0.4765125858,0.4664476626,0.1892987842,0.9000842632,-0.0686420989,-1.4918256443,-1.7285359410,-0.6125056252,-0.6901773244,-0.3115651222,1.2174563715,2.0455288013,0.4778328374,0.8569384043,1.0792297850,-1.1706877156
2015-07,1.3922821691,2.1432934539,0.4520166373,0.1551523833,1.3700534766,-0.8603201112,-2.4897485400,-0.7864174340,2.9454897775,1.6672487899,0.4530653088,1.1754731470,0.0815870146,-1.0946459033,1.2302290292,-0.8891040434
2015-08,1.6106855158,0.3493739800,1.7001280722,-0.5004269422,0.0533286175,0.5452767573,-1.2423001957,0.8607569723,0.3275412182,0.8625244350,-1.0825403569,0.8264425515,-0.6776746635,0.2589215652,-1.6149322014,-0.8348787401
2015-09,-1.8204427902,0.0584647804,-0.1019669034,0.2622617620,1.9309489600,2.0499324032,-0.1950457020,1.8463446668,-2.2451691817,-0.6921669793,-0.4833272798,0.4797197673,-0.9587532289,0.3212288596,0.4654859728,-1.5382206729
2015-10,-1.1284852998,-0.8855262339,0.9709361989,-0.2090331607,-0.7493936709,1.0954893956,3.4927460253,0.8831585958,-1.0305727529,-1.2937287611,0.2791217881,0.3811478742,1.2112544953,1.7171531163,-0.9710406106,0.3322988325
2015-11,-1.0292382581,-0.8936742846,0.9616633500,-0.1236535517,-0.8607493616,-1.3822896686,1.9836690676,-0.5048121792,-1.9189535339,1.0860816428,0.0245555701,1.1033535783,0.1963464208,0.4112768834,0.2177278500,2.2574618089
2015-12,-1.1057816609,0.1790828316,0.5763851307,0.9120861883,1.0050334637,0.2941543669,-0.5459731630,-0.9465997508,-0.8239761223,1.4831485782,0.2941005448,-0.5598871681,0.9414935861,1.7855853968,0.6113155636,0.7463282356
2016-01,0.1669190297,-0.5543943668,-0.2482941640,0.1181238016,-0.3253552649,-1.3167811260,-1.4297944242,-1.7267556128,-0.0119282213,-0.8506814013,1.0255010563,0.6056331569,0.8605446068,0.1256340843,0.2910562796,-1.0003477311
2016-02,0.0714748079,0.1718293804,-1.3413423005,1.7622851997,-0.1059148742,-0.1902766809,-0.0571199643,-0.5458572076,1.2919582530,-1.2550880927,0.8390101146,-0.2354785036,-0.2242519797,1.8376606261,-0.4746733574,0.4745833706
2016-03,3.7955470035,0.8418791266,-1.0782235644,-0.0538306879,-1.4936478444,-1.1828789484,1.5811332368,-0.2004453432,-0.8747383129,-0.9319874137,0.7410670833,-1.4613857197,-0.2334962693,0.3330507426,0.9801420410,-0.1850611487
2016-04,3.1519915890,-1.8982587644,0.4747239323,-0.1190573821,-1.9077053651,-0.5852220776,-0.1780909818,0.8586143542,-1.1254846517,0.7387232374,-1.0417480650,0.7641718678,-1.1033806104,0.8352439500,0.4460504377,0.2418431209
2016-05,-1.9066440358,-0.3010783033,1.7844928639,0.3497048273,-2.1383643592,-0.1291919793,-0.8403408347,0.6986020712,-1.2801714195,0.1599126564,-1.2085913149,1.1364239625,0.1066675921,0.2689692126,-0.2376085616,-0.3245168660
2016-06,-4.4526016170,-0.9664306919,0.0051389436,1.2456072726,-0.3206492550,-0.1147684633,-0.6687605949,1.2307434095,0.6843610537,0.7879657171,0.1016747208,1.8425534154,-0.9998204184,-0.6231374503,1.2683373122,0.6847166478
2016-07,-2.5530864469,0.5112435154,0.2110361971,2.1550524702,0.0222815763,-0.1011753671,-0.4770361795,3.2477849299,-0.5166708276,0.5837252379,1.2053849130,1.1891964695,0.2630261401,1.2196336526,0.8115495620,1.1336951132
2016-08,-0.2513680369,-0.2387551537,0.9371511479,-0.4598210147,-1.1557269334,1.7878981990,0.3160879695,2.1975848030,-0.9399364486,-0.2960739187,-0.3025089190,-0.0635631774,-0.4065049476,0.4670900089,-0.1420912865,0.6182654201
2016-09,-3.1371714918,-1.0903643595,-0.5943399026,-0.9188959224,-0.4274150572,1.4736689052,-0.6160302142,0.3214193170,0.6725475458,1.1827795864,-0.0508211176,1.0739211240,-0.3459106518,-1.1350619528,0.0208097475,-1.7160548413
2016-10,-2.6513367385,-1.7960947802,0.0295271583,0.5055618767,0.7340321602,1.0073675483,-0.6462406368,-1.7272230431,1.2255761498,-0.5899923615,-0.7133684340,0.3328033936,-0.7328701772,0.0298510091,0.2263307312,0.0742932718
2016-11,-1.4464832025,0.4547031425,0.8639434767,0.0302375611,1.6604276287,1.7485269250,0.0959304396,0.2104725871,0.4828169910,-0.0890752056,1.9272161112,-1.3745256073,-1.1669283424,0.0953139733,0.8822314733,-1.3429849998
2016-12,0.2812389381,-0.4276830603,-0.0759355667,-0.0969880054,0.4256160931,0.3563441007,-0.0293390574,-0.6695328157,1.0363457735,-1.2530423442,-0.3932770368,0.1755188605,-0.2004680096,-1.4667741161,-0.6699340314,-0.2159819806
2017-01,0.0034258944,-0.8549782672,0.1670734585,0.8855130986,0.6237039508,-0.0421458916,0.0096775953,0.4018267223,1.3715836563,0.1659370750,0.8256326805,1.7536302028,-1.1336732645,-0.9489177015,0.5808776571,-0.9044338933
2017-02,-0.2329123393,1.3514147940,0.2224392388,0.2706149673,0.8472520651,0.3881437373,-0.0734825903,-1.5880901646,0.2382905844,-1.2233771006,1.8417930520,0.5293814320,1.4890661822,0.2397997278,-0.2296404839,-1.8268141049
2017-03,2.7393836195,0.6092918028,2.0918335074,0.0756981163,0.0524135371,-0.6688281202,0.0974650312,-0.1501299225,-0.7332847965,-0.8995122731,-1.3505950133,-1.0771842979,-0.5045606353,1.4627976893,-0.4213382646,1.6358499228
2017-04,-0.3991586362,-1.4241748205,-0.0395521273,-0.6032208248,1.3858459708,0.8619797855,0.6679348618,-0.5251742150,0.7985000914,0.8377342530,0.8744219084,0.3670351177,-0.1514209592,0.9924980549,-0.6623005523,3.1450030394
2017-05,-0.9559603882,-1.4515892706,-0.7611266537,-0.9189629568,-0.9051703735,0.7636389761,-1.4158205916,-1.2281262742,-0.4915076816,1.4273244226,-0.1140388674,1.2722830193,-2.6053806308,-1.3540081456,1.7884974009,1.2165458925
2017-06,-2.6556801607,-0.7407586962,0.6465389694,-1.2337257610,-0.9579107605,-0.5798580866,-0.1686932529,-1.7478712387,-0.7797037260,0.6725071402,-0.0794488680,-0.3340013744,0.5349237562,-0.4192796481,-1.2777538397,-1.5513619020
2017-07,-2.6129587882,-0.2706508246,0.8010027615,-1.1902145009,-0.0687875715,-0.0006807601,-0.6134242000,-1.9318984593,0.6195594173,0.5973390281,-1.1729756857,-1.0752453301,0.2645515782,0.2121766873,0.3898688654,0.5635129347
2017-08,-1.6945228061,-0.6282995569,1.0944942705,0.0444337111,-0.9065501726,0.3923339802,-0.2284534520,-1.6266394981,-0.1265195081,-0.8858200027,-0.7197800879,0.9737519651,1.4802094276,0.6579357569,0.8765720600,-0.7236831008
2017-09,-1.1937197263,-0.3589661553,1.8353137770,-0.0308900060,0.5339412997,-0.0770218444,-0.0851705316,-0.7742214731,0.9643574992,0.2265026288,-1.0406426354,0.8619146895,-0.0066233260,0.4213071467,0.2182895735,-1.7813091198
2017-10,-1.1915766806,-1.2517867376,-0.6737414597,-0.1660946156,2.1888531634,-1.4738766137,0.5119574313,0.0346334155,-0.4784576888,0.5302865892,-1.5261339829,1.5989057361,0.9656339054,1.1289087670,0.1663355091,-0.8934206165
2017-11,1.2118080262,0.4414875805,0.3339511013,1.2609303846,1.1449984807,1.1840229684,0.4336439755,0.2241570234,0.5625883556,1.5154147610,-1.8071705750,-0.6448247821,0.8984712971,1.0996830111,1.4425425440,-1.2224135688
2017-12,1.1041172567,-0.6267793358,-0.5108570341,0.6161895021,0.5426563983,0.1689739690,-1.6531416805,-0.2015216098,-1.8796753984,1.5817494141,-0.0366042340,-0.4615004016,0.2564796762,0.9363929597,-0.0833035900,1.1388395249
2018-01,-0.9210962911,-2.1425944565,-1.8390669274,-0.4639625831,0.5743276229,-0.0416459596,-0.3701290732,0.0975514111,-0.5864794409,0.2717390819,0.2854723128,0.5286725113,0.5540342842,0.6562399506,0.0505136717,0.8338707537
2018-02,-0.6574853259,1.0237007040,0.9091443364,-1.2214971001,0.7873144036,0.0713989528,-0.7455466315,0.7441426425,-0.2773547970,0.8479423298,-1.3580353987,-1.2042438507,-0.2996232767,0.0257705634,1.7724251494,0.8730654356
2018-03,-1.6319428431,-1.9018769000,0.6178157358,-0.6050100686,-0.1454557292,0.3241089433,0.7447071653,0.6603238695,0.1908021580,-1.0946749473,0.7767297132,-0.4587666440,-1.3597707379,-0.9269749947,2.5927305066,0.9846738684
2018-04,-1.7966895678,1.2035977398,-1.1678610137,-0.3521251387,-1.2074661662,-0.8454601903,1.0675648099,1.1517459523,-0.5656560980,-1.5974332824,0.0499796224,-0.4428153310,-1.8858792590,-0.2855382324,1.3330890984,0.8052866585
2018-05,1.8230659256,0.7678938428,-1.9678761231,0.3929148436,0.9657290596,-0.0675417754,-1.0989144437,-0.0620725271,0.7787764101,0.5316297030,1.0847543743,-1.1020800895,-1.1984441101,0.9405317940,0.1597885608,1.3322998191
2018-06,3.4610657819,0.0139112721,-0.2571113032,0.5969144964,-0.3410245058,-1.1944156466,-0.8913404533,0.5584735130,1.3934150082,1.0343716846,-0.0452286838,0.1133008166,-1.2414524430,0.4558853601,-0.2815755816,0.1532729153
2018-07,1.5229528977,-0.4528274823,-1.0246296204,0.5289780535,1.2796290969,-0.8323807749,-0.8485464805,1.8504196060,-0.3140951528,0.2483062730,-0.6901082875,0.0691450095,0.3875899399,1.9073697195,-0.4898785143,0.2328809759
2018-08,0.5176674369,1.9441366514,-1.0096914350,0.3371015326,-0.0778079393,0.4370775510,-0.3202623624,-1.3246781837,-0.1906872486,1.0866982179,-0.7687097009,-1.2020595874,0.8506063882,-1.2341228582,-2.1261180469,1.4985901122
2018-09,2.4590777327,-0.0510442999,-0.6317645802,-0.7845308855,0.3227508125,0.3217281777,-0.3634549608,-0.7850980371,0.1696074912,-0.2783004183,-0.4094859117,0.4558503159,0.5838171759,-0.6432606553,0.0493133975,1.8914639333
2018-10,0.5705965657,-0.1141138747,-0.1559867548,0.1081743583,0.0504176534,0.2643230521,0.6941542051,-1.0570109517,1.0391286959,0.1923978550,0.8518408575,0.2109971726,1.0152790611,1.6955589862,-0.8432348757,1.6209049771
2018-11,1.5723499545,-1.0728956386,-0.6056035477,-1.2151336436,-0.8831616737,-0.3664832181,-1.9261507758,-0.9137325404,-0.6983125542,0.1805165263,0.2010557356,1.3853558242,-0.1965344707,1.2663283198,0.6052058635,0.0120820468
2018-12,-1.6772924623,1.0728113037,0.2231372860,0.3242999041,0.3127841886,0.7160961985,0.3623879944,1.2542310118,-0.3479650827,-0.4054353956,-0.1800974767,-0.9018851553,-1.1490025402,0.1370077230,0.4177447297,0.4782874622
2019-01,0.0816087386,-0.0532528775,0.0023512489,0.1659174631,-0.4671679593,-0.4086359916,0.4886080885,1.2697181322,0.7511791282,-1.6299736242,-1.2984267161,0.3470854552,-0.7553285247,0.5955248506,-1.2832048402,-2.6728206402
2019-02,-0.6603610706,0.6090834937,1.5558160809,-0.5540423732,-1.4272020294,-2.8727453695,0.3273667982,2.1120529550,-0.3856283553,-0.8032667342,-1.9168123232,0.0371288553,0.5359900870,0.2055923278,-0.9112132753,-1.2897968053
2019-03,-2.1250927784,0.1690181530,0.0557876082,0.3112110459,0.7473398070,0.6194773076,0.6642166348,1.3676511147,0.6240343289,-1.6981197737,-1.2439398053,0.6128662801,1.0001418778,0.0761285439,-2.7494126189,-1.1398838906
2019-04,0.3456591672,0.7789978623,-1.1107132400,-0.0245916992,1.2924772652,1.3763599274,1.3263566330,0.9754227570,-1.2305938108,-2.8485004508,-0.0622741091,-0.3758621585,0.1093879200,0.2949054080,-0.0961036066,-0.6558874637
2019-05,2.6023043818,0.0245872617,-0.1021392677,-2.1206484882,0.4665799618,0.0931887742,-0.4853326514,0.9471068473,-1.7388608205,-2.1058042601,-0.6310847468,1.6680359397,-1.1271504400,1.4275429613,-0.7927350877,0.1411538464
2019-06,-0.7290427809,-0.0047808911,-0.5802005006,-1.1872998626,0.8286878415,-0.0805172927,0.0725129442,1.7446389827,0.1520429506,-1.0232649648,0.2854822874,-0.4835115076,-0.2213000893,0.2054155523,-1.0274011241,-0.9485866841
2019-07,-0.1466251246,-0.1585703152,-0.5637350602,1.1155993111,2.7320959037,0.6018629945,0.6546394271,0.0468629847,-0.5062312917,0.1112952287,1.2173889031,1.7805517585,-0.7967975379,-0.2491564116,-2.2689466111,-1.0778749727
2019-08,1.5700689916,-0.9189010424,2.4334593626,2.4067866746,0.1961823789,1.5096980543,-1.3269100515,-1.1732607502,0.2075179114,-0.9781341262,0.2224489610,0.3017802903,-0.5662912286,1.3284518380,1.0275631369,-0.7256141490
2019-09,-0.4015089254,-1.9695996369,1.9964840127,1.5588859657,0.3517648352,-0.8281990701,-1.3740239833,0.1223304073,1.1311032195,0.3686824259,-0.0549076740,-0.6576263418,1.1589948315,-1.2329236590,0.5856871170,0.4357344089
2019-10,-1.5976755800,-0.3246920847,1.1685787369,1.1482643139,1.5368679285,-2.3143220838,0.8997945713,0.0639552657,0.1653257166,1.9822914196,0.1795987592,0.7675782917,-0.1024875157,-1.2258037989,0.2379413870,0.2814147753
2019-11,0.1355439981,1.2511569701,-0.7342768939,1.0525849970,0.4181088318,0.9362549272,0.0363684416,-0.2441670897,-0.5082319141,1.1754997613,0.6891009093,-0.8022745196,0.6204406905,-0.0493199081,-3.0742945602,-0.3603453660
2019-12,2.2347960702,1.7495759573,0.7175845087,-1.8995735914,-0.8602066758,-1.1653385895,0.5700341130,0.1247227947,-0.9194584427,-0.5520379896,-0.5633742857,-1.7983782836,-0.6576977264,-0.1956817283,1.1448547213,-0.5329089258
2020-01,1.1090520138,1.2259851439,0.1141305722,-1.6129563648,0.2227096303,-0.0676940411,0.6240857945,0.0681200233,-0.2369358363,0.7888643175,0.6260624237,-0.7814138645,0.5100105110,-0.9056879084,1.0588151715,0.7979089928
2020-02,0.7604866288,-1.3003420999,1.2022222113,-0.2787140625,1.7270763513,1.4938726033,0.3912739577,-1.3507606984,0.9166533581,0.6200826458,-1.1836897497,0.3449367312,1.5585404152,0.4561537981,1.8761669712,1.3644725915
2020-03,-0.8095955844,0.1073462704,-0.4984021378,0.6446908157,-0.7466790955,-1.1898258277,-0.5491604088,-1.3107944620,0.2966591358,1.6781564185,1.6132922740,0.5267337824,-0.5927239616,-0.6433626925,1.7187191432,-1.0072472950
2020-04,1.2898856749,-1.1027429100,-0.2724914434,-0.7382018042,-0.6782862240,-2.5102593586,-0.0153546391,0.1059613411,0.3115512552,-0.3962545731,0.0513299553,-0.9815096825,-1.2343082217,-0.7653690257,1.4563934616,-1.9922232255
2020-05,0.5275619482,-0.7995596591,1.1708498631,-1.5677072230,0.3018781775,-1.0856736591,-0.3319488230,0.3612291802,1.4876447331,0.7837073476,0.2266524556,-2.1780646439,0.1909507762,-0.5015045726,-0.1337617324,-0.2714144413
2020-06,-1.3675970898,-1.3325965204,-0.6373705951,0.8199027098,0.3290253508,-0.1048239736,-0.7404145859,-1.3113825468,0.6321564688,0.5589191095,-1.1133806807,-1.7654328727,-0.7779374732,-1.6822307798,1.5899700843,-2.7293904052
2020-07,-1.0919547998,-0.8045809986,-0.1471864753,-0.9787158038,-0.5327171009,-0.3432808000,-0.0101426390,0.4195427485,0.8059319985,2.1868060626,0.0364631948,-1.4815937004,0.3815033039,-0.2564796071,0.7498239283,-0.7416803138
2020-08,-2.0849770993,1.0253254283,0.8601825366,-0.6008598940,0.0150450338,0.9092415388,-0.7404045632,-1.7099555601,-0.4003155697,0.9491507334,1.3531390447,-0.3533287417,0.6113299063,-0.4832438366,-1.5637326311,-0.2930809844
2020-09,-0.7016597181,0.7807206255,0.4370213034,-0.2996571627,0.7260178994,-0.4726373562,0.8841570795,-0.2492193405,0.5494188654,0.3873597957,0.0010718661,-1.0558736012,-0.2139234776,-1.6895756837,0.2802543546,-1.2173810226
2020-10,0.9695896383,-0.7208436068,1.0502082445,0.5368426285,0.6454450242,0.0621857137,0.6932798678,-0.1807692046,-1.2851338809,-0.1620237428,-1.4899029202,-2.1167216384,-0.3317443973,0.9577961229,-0.0059749303,-1.4604830928
2020-11,-0.6269585632,-0.2706329192,-1.0582595641,0.8451632266,-0.3225599660,-0.4157612840,0.7971687364,-0.6720974678,0.0118736277,1.3855982408,-1.2526885833,0.1299680890,-0.5369317059,1.1108567479,-1.5352431263,-0.9769612588
2020-12,0.8901064277,-0.2833256196,1.9099612092,-0.1631505988,-0.2710419712,-1.1215540141,-0.7579074224,-0.0244462525,-0.2825505837,0.4830938963,-0.6544215805,2.2791729070,0.3905494939,-1.3902723282,-2.0756914444,-0.4266944445
2021-01,-1.8834231093,-0.3274186286,-0.9042623513,0.5104249007,-0.8350609775,-0.4469093319,0.3072315525,0.4648323877,0.1751718173,1.0692669247,1.0545506304,1.0193583270,-2.0461244642,1.8227524976,-1.9497276945,-1.5204759090
2021-02,0.6411361278,1.4341796590,-1.0468138092,-0.0130293369,-1.4433090999,-0.3647448516,-0.6063994865,0.1506458315,-0.4814824763,0.4739813328,-0.4637557803,0.4328790344,-2.0799250397,1.7203046930,0.2883174760,1.5255107245
2021-03,0.3960236942,-0.6141343332,-0.9809708634,0.5055080151,-0.9703815622,1.3192257222,-1.0324429083,0.4284742408,-0.5299022269,0.9084775390,0.1515492930,0.2216209621,-0.8086905690,0.4914100572,-1.6980837781,1.1126033373
2021-04,-0.7667421311,0.7089983106,0.0578685153,0.1655301740,0.1425180261,0.7831191505,-0.2448631093,1.1106810896,-0.3267719064,2.6309509300,-1.7457686628,0.7639945931,-0.4231894534,0.9944150758,-2.3164344409,-0.7056600529
2021-05,-1.3961347454,-1.4730889443,-0.2853561070,0.6433388699,1.1564710192,0.0748171688,0.0867299248,-1.3313667941,0.1919707699,-0.0424905812,-0.6031540514,-1.7772633451,0.9350051238,0.3691276638,0.1639138642,-0.4610722837
2021-06,0.6776923389,0.1039516943,-0.4021494333,0.9533013875,-2.1006129042,-1.5752279048,-0.3668316379,-2.2045365158,-0.8405206879,0.8579492528,0.3203632046,-0.2405994062,-2.0695230848,-1.4899948226,-0.9571181836,-1.2857276339
2021-07,0.2632227634,1.9839490391,1.8489430449,-0.8702449112,-2.0527474937,-0.2235263899,-0.7687873865,0.6259405097,-0.0008083446,-0.1235837185,-1.8743548344,-1.0997081920,-2.1631136172,-1.4310398995,-1.4108251455,-0.5926876606
2021-08,-1.7518751489,-0.4374520260,-1.1720916441,-0.2283535578,0.9458167759,-2.3975552671,0.8905151931,1.4540468455,-0.7787203281,-2.1779798623,-1.6669474494,1.1620494353,0.7340616340,-2.1123246590,0.6172578563,1.1344663026
2021-09,0.4341127336,0.3794004004,1.1718479351,-1.1303726517,0.2768974723,0.8740586329,0.4864312499,-1.0287715558,0.3066011599,-0.8673287803,-1.3109547744,-0.6010338237,0.0072503452,-2.7790845284,2.4485513438,1.9577105600
2021-10,0.4221219449,-1.5452152334,-0.1670759316,2.4413357794,-0.8458853209,1.6264277786,0.8580801684,-1.1543586105,0.3432959294,-1.9628284222,-1.0133118269,1.0392970889,-0.7553653863,-1.6919033538,2.2187664470,0.3581195001
2021-11,0.6018594600,2.5870356034,-0.9867472481,0.9989359195,-1.5437669275,1.8080925050,0.2561503201,0.5612844114,0.8840487365,0.0266684513,0.0115921311,-0.3181852711,1.2853908403,0.1540474760,0.2467913839,1.3974350896
2021-12,1.9814417081,1.0330740062,-0.5234001767,-1.7989681627,-0.1917318355,-0.7027920806,0.6445426452,0.8414581766,-0.6204746989,0.5812970757,0.2310558911,-0.3685802529,-1.1080846515,-0.7890939061,0.6674674324,-2.1765239565
2022-01,1.1215099255,-0.8155025944,1.0130580826,-1.9007457890,1.3474816292,0.5671667822,2.0740437118,0.6930719655,-0.6323122743,0.7900928838,-1.1198757202,0.4919365859,-0.6553001199,-0.9737725246,-0.9461601930,-0.0032728306
2022-02,-2.2415130379,-1.5251580013,-0.5998661409,-0.9548320782,1.0276638445,-0.1301930298,0.7613822729,0.9294447056,0.9791489367,0.8285246480,-0.6759219061,-1.4880342969,-0.6672031329,-1.3579837182,-0.8923747208,-1.6257298271
2022-03,-1.6921871994,-1.1995620186,-2.0414391028,-0.5052576180,0.8085480064,1.8282070811,0.7408971466,0.4665467043,2.7451248685,0.1905523620,0.4302517678,0.5425301074,-0.4859437953,-1.8816972777,-1.4009731381,1.2396123036
2022-04,-0.2334374365,0.7035956102,0.3052522319,2.0686452414,-0.7138439273,1.1483960731,-0.4369235578,1.2158908548,0.3670165291,-0.5531441358,-0.0971733597,-0.2903120398,0.8593853314,-0.2650717355,-0.6638000851,-1.7801588802
2022-05,0.0783955730,0.7732663282,0.7641997315,0.7544847801,-1.3320186845,0.9810848648,-2.3158827166,0.0137767165,-0.5430570446,1.4085544467,-1.1715473554,0.5992324154,-2.9574859056,-0.9091740044,1.6994617473,-0.0564471948
2022-06,-1.4368532752,0.3155645881,-1.7510910376,-0.3590288355,-0.4631358572,1.6763217184,-0.4629759195,0.0071117400,0.5681541850,1.7887819992,0.9888274436,1.3868144529,-0.7478585887,0.8418076293,1.0879134336,-0.2877934932
2022-07,-1.0735522736,-0.8987333250,-0.5467038646,0.3667114123,0.1048268546,0.9604342430,-0.6391286222,-0.6882168538,-0.0433556154,-1.2427087170,-0.3429468018,0.3535007923,-1.0360757573,1.0651527945,0.0331244154,0.6219877070
2022-08,-0.4444363111,-0.9166822608,-0.3035761191,0.3875097819,-1.6502029981,0.0811469847,0.0489148275,0.4632574539,1.6002330923,-0.2196836620,2.7470816023,0.7056008777,-0.2938062982,0.9368800308,-0.3377377393,1.9280550787
2022-09,-0.0023251884,0.9121668583,-0.3814859784,0.3950975833,-0.2318014405,-0.6710106040,-0.5777524963,-0.3083625112,1.9098556310,0.8528169295,0.3795374880,-0.2871677577,-0.7924947289,-0.7267956082,0.9897121869,-0.1687990733
2022-10,2.0916883511,-0.1597216771,0.2734730498,0.0134780333,0.3778653053,0.0110850242,0.3496687800,-1.5539715914,0.8612436615,0.3496500929,0.0368096253,-0.0315377450,-0.0779098416,1.2860754654,0.7849665317,1.3854154592
2022-11,1.2581333470,0.5019850017,0.5456067577,1.2069399403,-1.9367530970,-0.4619960186,0.6712042939,-1.3405975940,1.1447513368,0.0392761088,-0.7323441271,0.5203089568,-0.4510946007,1.7035665908,0.4340784582,-0.4372126379
2022-12,1.3162904739,1.3040680853,-0.0994800373,-0.0942327691,-1.1752354947,-0.6988180682,0.8708329672,-0.1409937629,0.3049027180,0.0865736788,-1.3656743658,-0.8170203851,-0.7577809794,-0.8047640925,0.3463096019,-1.2909062167
2023-01,0.8004117969,-1.3790214014,-0.1412380044,-1.5899919052,0.5757358651,-0.0709541453,1.6759491596,-1.4982490024,-0.6352851623,-0.7052635838,-1.5937573331,-1.1489386428,0.4251634061,-0.2568748095,1.8456389595,-0.1842981342
2023-02,-0.5044718428,0.8970788875,1.7684210645,-1.1383047333,0.6505474780,1.2027287575,0.4696044848,2.0049480909,-2.6279764624,-1.5607704195,-1.1369993775,-1.0946246204,-1.0400590334,1.2795095084,0.5374138094,0.0269252163
2023-03,-1.6048806219,0.9660959008,-0.0560275650,-1.8516289298,-0.0886065741,-0.7175800195,-2.1059972247,1.1181994892,-1.8538569100,-1.7873433176,-0.0816019185,-2.9194776402,0.6152706482,0.8136727382,0.3209226711,0.8793504325
2023-04,-1.9471597085,1.2852645232,1.5986628186,-2.2334721262,0.9571104625,-1.3781723779,-0.3005694768,1.7577876133,-1.8750534034,-0.6085080927,0.5709373866,1.2125558377,-0.1868896535,1.3102128559,-0.3943232435,0.8528711427
2023-05,-0.8562079103,-0.5740086675,0.3318494745,0.7053992158,1.1839260714,-0.1670987453,-3.0116392527,0.9642653690,-1.5684045644,-0.0245699515,-0.7356211807,-0.0481652668,-0.9189766540,1.8527257899,0.6242870537,0.3356443279
2023-06,-1.7981432257,0.7482377965,1.7004074161,0.4748433673,-0.1100804443,-1.1510292520,-2.8722840812,1.7977004917,-0.2833420260,1.5702065174,-0.5285987026,-0.9898844780,-1.9021937777,1.3961624589,1.1496163904,-0.1963607799
2023-07,-1.6589239336,0.6601798728,-0.0231180316,-1.0940940555,-1.2978895758,0.6331249582,-0.7927149981,-0.8459178921,1.2927876203,-0.4022081809,1.3392459359,-1.9855443642,-0.8218624600,-1.2356796289,1.0818235626,-1.4532034976
2023-08,-0.8741630154,-2.1923486125,0.5778511023,-1.3549707001,-0.4441519976,-0.4613827250,-1.1165232990,-1.1161148823,-0.1272019289,0.2623251490,-0.1703437415,-1.1372702854,-0.2313356330,-1.7429510668,1.0698383947,-2.1517510429
2023-09,-3.5070315884,-0.4754547130,-0.4844888901,-0.9301905631,-0.9105527674,1.6294596777,-0.9637783904,0.0597771817,-0.5276860845,-0.8326794770,-1.4391765383,-1.1995811648,0.1326343565,-0.0377931190,-0.6753264917,0.3996301481
2023-10,-3.1463362929,-0.7253644035,-0.6728187252,-0.7862388916,-1.2490203005,1.8011366986,-0.5733895700,-2.8100100654,-1.1690114647,-0.8499569624,0.5608124621,0.2194910750,1.2986319580,-0.9798107218,-0.3901722425,1.8040883799
2023-11,-1.8510140513,-1.1391732679,-0.6021458585,0.4905780634,1.1175267715,1.0913760046,-0.4524148043,-2.7737773400,0.3798613393,-1.7236343636,-0.5751156735,0.7929662121,0.0185941054,-1.1030565434,0.7679060931,-0.0696584239
2023-12,0.0202294317,0.5383908289,1.0662768537,-0.4027634162,2.0350743539,0.8996712682,0.4630874921,-0.8709962552,-2.6432482292,-0.5845261607,0.7722587286,1.2342873272,2.7919808233,-1.0184781470,0.3649810226,-0.6273923338
2024-01,0.0917380385,0.1805819535,-1.7408074854,0.2732641339,-1.6458781912,-2.4777478588,-0.9873493498,-0.7748870718,-0.1132168934,-1.1122338842,2.3389042268,-0.4873835855,-0.8413588543,0.1025158100,-0.5079826663,0.0059693715
2024-02,2.0489411792,-0.3202427744,-1.5978148552,0.2499703354,-0.2348776140,-0.3656778595,-0.0953168370,0.4555218963,-0.4481761066,1.7760507323,1.6738266738,0.5916025690,1.2118533450,0.7126279525,0.3487733135,-1.6385445171
2024-03,0.8045179764,-1.2353064428,0.1574759705,0.6553698271,0.2298174410,0.8700291620,-1.3933688811,-0.4859849483,-0.2491715871,1.6844992454,0.7070152013,2.2022168372,0.5618042356,-0.4290338356,-0.2700168620,-0.4511119151
2024-04,-1.0704551280,-0.4765855632,-1.4304731210,0.4861662316,-1.4181937690,-1.6241512002,-1.5016726906,-1.1512245793,-0.9165936990,2.8259391463,-0.6587873455,0.5588477354,2.0864318486,-0.5117397396,2.2893705588,1.1619333010
2024-05,-0.7017327497,0.4271058135,-0.1523625066,1.7021779865,0.2219250737,-0.8691118683,-1.3055697033,-0.4925814724,1.5933653383,1.5013880213,-0.6543260801,-0.0137998227,2.2427791302,0.3873126148,0.7529834999,-0.7074717793
2024-06,2.4336117250,-1.1219195403,0.0425310299,1.7140911300,0.7121581950,1.9598578257,0.3967274976,2.0053099013,0.5265982649,-0.1650072279,-0.7159520501,-1.1774658506,1.2109953532,1.4446179883,1.6247246528,0.4350586806
2024-07,-0.6649943279,-0.5794451991,-1.4116642136,2.4804109914,-0.7618438226,2.6626504017,-2.2329129631,1.8132858160,-2.1504681739,-0.1067664775,-0.1871724616,-1.4535026162,-0.3404912688,0.6375496838,0.6677105978,0.0561327570
2024-08,-1.6025410117,0.0717679030,-0.6021039485,-0.1943928083,0.3826040428,-0.4405361144,-0.9683719754,0.5816598816,-1.5152761223,-0.0721479432,-0.5947374653,0.3824316811,-0.3425833987,-0.8109653107,1.4738833091,0.7574476505
2024-09,-0.5552140584,0.6889335062,1.5604730343,0.6704861481,-0.4173992955,0.4084729346,0.7501188916,0.2657922437,-2.2734633990,0.4629021117,-0.9345161629,-0.2503079065,0.2739598267,-1.7139403768,1.3717358155,0.3137055170
2024-10,-0.9081454290,0.6283167833,-0.9258469838,0.0036069874,-1.8355714551,-1.3076227619,0.0678152990,-0.3750421147,-0.7905905743,-1.6199875780,-0.9327764980,-0.4798159487,1.1472996829,-0.6148278306,1.0881663242,-0.1603936447
2024-11,0.2244704323,1.2620578501,0.7831115705,0.2476623457,-0.0587200093,0.3425522408,0.3640241913,-1.8668858894,-0.0942788321,-0.0658926841,0.8354110194,-0.5954871019,-0.2510568148,-0.4459810576,-0.5660297023,0.8746677185
2024-12,0.8773260654,0.3346626547,-0.5742120716,0.7786466751,0.2868495086,-1.8724345749,-0.5436257706,0.4655585461,0.8566611457,-0.8965867234,0.3885026338,-0.0118840877,-0.2940091422,-0.2381897598,-1.1455051079,-0.1182852107
2025-01,1.9173458273,-0.3201886825,-1.2261790738,0.2157790775,0.1951033599,1.5256418289,0.0192472023,0.0400999528,-1.2950237889,0.1422533749,0.4312339003,-0.3199838568,-0.6937965477,0.7385649800,-0.9989804471,-1.6409353378
2025-02,1.2905117738,0.7373857761,0.5661422947,-1.9291178236,-0.8471276474,0.4345881522,-0.2462669791,-1.2178974633,-0.6933630939,-0.0091825570,-0.7185705961,1.2690003168,0.3432040698,0.6304360336,0.2022662522,-1.3394624390
2025-03,-1.1485408701,-1.6231692273,0.6993646830,-1.9728101898,1.5029337933,-0.7777830236,1.5587238282,-1.2123964724,-0.0309190591,-0.2900398540,0.2479374317,-0.2813362901,0.9842838917,0.5173104903,1.7343418763,-0.3709755071
2025-04,-1.4528207487,-0.8452918231,-0.4504919102,-1.9210452812,-0.1168976460,-2.1729269069,-0.2836825861,-2.2544554811,-1.5528268895,-0.9665847602,0.1068428877,0.9546588334,1.0265876053,0.9557293682,0.2305349789,-0.2158449261
2025-05,-0.9643189655,-1.2177651872,-0.1319124172,0.8782574131,0.6211775972,-0.5559041286,2.1743507582,-0.3446547213,-1.1525991833,-2.0252973634,0.3896643098,-0.0093595162,-0.1828430215,-0.3281707079,-1.6720436038,0.4488636481
2025-06,1.1205799176,-1.1689655326,0.2660629476,-0.0696739848,0.6892053715,-0.6026808203,-0.8663011877,-0.6092601567,-1.9395057986,-1.4571743387,1.9201552497,0.6100468164,0.2328012063,1.3205608573,0.5475409611,0.0849278728
2025-07,0.0645734589,1.5361390034,-0.1974860744,-1.6430073717,-0.6477039852,-0.0106028821,-0.8822420667,0.2120069035,-0.2533865889,-1.3693476175,1.6282792482,0.3160840845,0.5379851746,2.5332460772,-0.1348630980,-0.5535569834
2025-08,-0.8815947973,-0.5389398570,0.6844519647,-1.5045339626,-0.3135923363,0.0802426264,-0.8526334666,1.5435546538,0.6286146744,-1.8033984798,1.1068443527,-0.5601229864,0.6874034283,0.0845907595,1.6083512112,-0.5273976603
2025-09,-1.9046703567,-0.4989676338,0.9931672170,0.2279564789,0.2605705982,-0.5490707366,0.7358745191,0.5690435776,-0.3591765082,-2.3534810389,0.8585821600,-1.6592415743,-1.3222715516,0.7476352256,0.3956675420,0.7077659976
2025-10,0.1624918797,0.3140521166,2.4755858871,-0.2215609122,-1.0811768703,-0.4908332496,-0.8009064802,1.1219878186,-0.0952242906,0.6525687062,-1.0240891632,-0.0422662886,-1.1995908668,-1.4316046307,1.3615686061,-1.3858113414
2025-11,-2.5284900511,0.2126611937,0.9656403034,-1.0189538037,-0.1117735906,0.4773540866,-0.6331654678,0.3146885802,1.2941158025,1.1213961250,-1.3743110040,-0.8920371997,-1.8741912423,-1.0791034840,0.7920050670,-0.8561449911
2025-12,-2.7082486252,1.7568552218,-0.5144067670,-0.8408623043,0.0173613708,1.7415498911,-0.1836386182,-2.3499615384,0.6397942011,1.1155931436,-1.6292716174,0.7307875835,0.0239997387,-0.7112602308,1.1952874548,0.9535692575
