date,source,lag,signed_weight,absolute_score,sample_count,history_end_exclusive
2016-01,industrial_production,1,0.8496744872,0.8496744872,95,2016-01
2016-01,unemployment_rate,2,-0.9320464646,0.9320464646,94,2016-01
2016-01,consumer_confidence,2,0.5894950290,0.5894950290,94,2016-01
2016-01,hicp,1,-0.9517986053,0.9517986053,95,2016-01
2016-02,industrial_production,1,0.8498110466,0.8498110466,96,2016-02
2016-02,unemployment_rate,2,-0.9311838720,0.9311838720,95,2016-02
2016-02,consumer_confidence,2,0.5809081032,0.5809081032,95,2016-02
2016-02,hicp,1,-0.9510391841,0.9510391841,96,2016-02
2016-03,industrial_production,1,0.8499374825,0.8499374825,97,2016-03
2016-03,unemployment_rate,2,-0.9303282608,0.9303282608,96,2016-03
2016-03,consumer_confidence,2,0.5695299525,0.5695299525,96,2016-03
2016-03,hicp,1,-0.9508103378,0.9508103378,97,2016-03
2016-04,industrial_production,1,0.8495165327,0.8495165327,98,2016-04
2016-04,unemployment_rate,2,-0.9290954207,0.9290954207,97,2016-04
2016-04,consumer_confidence,2,0.5659437471,0.5659437471,97,2016-04
2016-04,hicp,1,-0.9501713563,0.9501713563,98,2016-04
2016-05,industrial_production,1,0.8495647276,0.8495647276,99,2016-05
2016-05,unemployment_rate,2,-0.9280643158,0.9280643158,98,2016-05
2016-05,consumer_confidence,2,0.5592636405,0.5592636405,98,2016-05
2016-05,hicp,1,-0.9499928001,0.9499928001,99,2016-05
2016-06,industrial_production,1,0.8489921293,0.8489921293,100,2016-06
2016-06,unemployment_rate,2,-0.9269058651,0.9269058651,99,2016-06
2016-06,consumer_confidence,2,0.5595008949,0.5595008949,99,2016-06
2016-06,hicp,1,-0.9494877205,0.9494877205,100,2016-06
2016-07,industrial_production,1,0.8491052083,0.8491052083,101,2016-07
2016-07,unemployment_rate,2,-0.9260373012,0.9260373012,100,2016-07
2016-07,consumer_confidence,2,0.5592652365,0.5592652365,100,2016-07
2016-07,hicp,1,-0.9480833268,0.9480833268,101,2016-07
2016-08,industrial_production,1,0.8491748968,0.8491748968,102,2016-08
2016-08,unemployment_rate,2,-0.9252578649,0.9252578649,101,2016-08
2016-08,consumer_confidence,2,0.5595978111,0.5595978111,101,2016-08
2016-08,hicp,1,-0.9457845790,0.9457845790,102,2016-08
2016-09,industrial_production,1,0.8493005072,0.8493005072,103,2016-09
2016-09,unemployment_rate,2,-0.9240746202,0.9240746202,102,2016-09
2016-09,consumer_confidence,2,0.5600108886,0.5600108886,102,2016-09
2016-09,hicp,1,-0.9454383380,0.9454383380,103,2016-09
2016-10,industrial_production,1,0.8493723050,0.8493723050,104,2016-10
2016-10,unemployment_rate,2,-0.9226783797,0.9226783797,103,2016-10
2016-10,consumer_confidence,2,0.5593973541,0.5593973541,103,2016-10
2016-10,hicp,1,-0.9450010541,0.9450010541,104,2016-10
2016-11,industrial_production,1,0.8494023496,0.8494023496,105,2016-11
2016-11,unemployment_rate,2,-0.9209593274,0.9209593274,104,2016-11
2016-11,consumer_confidence,2,0.5597354252,0.5597354252,104,2016-11
2016-11,hicp,1,-0.9439229933,0.9439229933,105,2016-11
2016-12,industrial_production,1,0.8495232071,0.8495232071,106,2016-12
2016-12,unemployment_rate,2,-0.9186218322,0.9186218322,105,2016-12
2016-12,consumer_confidence,2,0.5595144433,0.5595144433,105,2016-12
2016-12,hicp,1,-0.9420988892,0.9420988892,106,2016-12
2017-01,industrial_production,1,0.8494223721,0.8494223721,107,2017-01
2017-01,unemployment_rate,2,-0.9156594909,0.9156594909,106,2017-01
2017-01,consumer_confidence,2,0.5600654095,0.5600654095,106,2017-01
2017-01,hicp,1,-0.9402856476,0.9402856476,107,2017-01
2017-02,industrial_production,1,0.8494171074,0.8494171074,108,2017-02
2017-02,unemployment_rate,2,-0.9131922501,0.9131922501,107,2017-02
2017-02,consumer_confidence,2,0.5584987078,0.5584987078,107,2017-02
2017-02,hicp,1,-0.9369050798,0.9369050798,108,2017-02
2017-03,industrial_production,1,0.8481672014,0.8481672014,109,2017-03
2017-03,unemployment_rate,2,-0.9098338640,0.9098338640,108,2017-03
2017-03,consumer_confidence,2,0.5575559325,0.5575559325,108,2017-03
2017-03,hicp,1,-0.9357670798,0.9357670798,109,2017-03
2017-04,industrial_production,1,0.8480780820,0.8480780820,110,2017-04
2017-04,unemployment_rate,2,-0.9066935662,0.9066935662,109,2017-04
2017-04,consumer_confidence,2,0.5566650236,0.5566650236,109,2017-04
2017-04,hicp,1,-0.9347740731,0.9347740731,110,2017-04
2017-05,industrial_production,1,0.8480869936,0.8480869936,111,2017-05
2017-05,unemployment_rate,2,-0.9043675510,0.9043675510,110,2017-05
2017-05,consumer_confidence,2,0.5540349367,0.5540349367,110,2017-05
2017-05,hicp,1,-0.9310483867,0.9310483867,111,2017-05
2017-06,industrial_production,1,0.8480830497,0.8480830497,112,2017-06
2017-06,unemployment_rate,2,-0.9015748692,0.9015748692,111,2017-06
2017-06,consumer_confidence,2,0.5537305992,0.5537305992,111,2017-06
2017-06,hicp,1,-0.9255048785,0.9255048785,112,2017-06
2017-07,industrial_production,1,0.8479779110,0.8479779110,113,2017-07
2017-07,unemployment_rate,2,-0.8986856988,0.8986856988,112,2017-07
2017-07,consumer_confidence,2,0.5497852670,0.5497852670,112,2017-07
2017-07,hicp,1,-0.9197088588,0.9197088588,113,2017-07
2017-08,industrial_production,1,0.8476413441,0.8476413441,114,2017-08
2017-08,unemployment_rate,2,-0.8954624366,0.8954624366,113,2017-08
2017-08,consumer_confidence,2,0.5471908133,0.5471908133,113,2017-08
2017-08,hicp,1,-0.9140968779,0.9140968779,114,2017-08
2017-09,industrial_production,1,0.8475656486,0.8475656486,115,2017-09
2017-09,unemployment_rate,2,-0.8916270749,0.8916270749,114,2017-09
2017-09,consumer_confidence,2,0.5441302829,0.5441302829,114,2017-09
2017-09,hicp,1,-0.9115946441,0.9115946441,115,2017-09
2017-10,industrial_production,1,0.8473773452,0.8473773452,116,2017-10
2017-10,unemployment_rate,2,-0.8878063434,0.8878063434,115,2017-10
2017-10,consumer_confidence,2,0.5375805307,0.5375805307,115,2017-10
2017-10,hicp,1,-0.9086091034,0.9086091034,116,2017-10
2017-11,industrial_production,1,0.8461355887,0.8461355887,117,2017-11
2017-11,unemployment_rate,2,-0.8808239153,0.8808239153,116,2017-11
2017-11,consumer_confidence,2,0.5341964695,0.5341964695,116,2017-11
2017-11,hicp,1,-0.9067563698,0.9067563698,117,2017-11
2017-12,industrial_production,1,0.8457079721,0.8457079721,118,2017-12
2017-12,unemployment_rate,2,-0.8771641802,0.8771641802,117,2017-12
2017-12,consumer_confidence,2,0.5262428521,0.5262428521,117,2017-12
2017-12,hicp,1,-0.9008480172,0.9008480172,118,2017-12
2018-01,industrial_production,1,0.8448623956,0.8448623956,119,2018-01
2018-01,unemployment_rate,2,-0.8735123270,0.8735123270,118,2018-01
2018-01,consumer_confidence,2,0.5190269429,0.5190269429,118,2018-01
2018-01,hicp,1,-0.8944207661,0.8944207661,119,2018-01
2018-02,industrial_production,1,0.8428159978,0.8428159978,120,2018-02
2018-02,unemployment_rate,2,-0.8693064311,0.8693064311,119,2018-02
2018-02,consumer_confidence,2,0.5095213392,0.5095213392,119,2018-02
2018-02,hicp,1,-0.8890684311,0.8890684311,120,2018-02
2018-03,industrial_production,1,0.8423970481,0.8423970481,121,2018-03
2018-03,unemployment_rate,2,-0.8654071016,0.8654071016,120,2018-03
2018-03,consumer_confidence,2,0.5030906709,0.5030906709,120,2018-03
2018-03,hicp,1,-0.8866174509,0.8866174509,121,2018-03
2018-04,industrial_production,1,0.8420111488,0.8420111488,122,2018-04
2018-04,unemployment_rate,2,-0.8615423742,0.8615423742,121,2018-04
2018-04,consumer_confidence,2,0.4925390220,0.4925390220,121,2018-04
2018-04,hicp,1,-0.8837637719,0.8837637719,122,2018-04
2018-05,industrial_production,1,0.8407807729,0.8407807729,123,2018-05
2018-05,unemployment_rate,2,-0.8576254518,0.8576254518,122,2018-05
2018-05,consumer_confidence,2,0.4802943961,0.4802943961,122,2018-05
2018-05,hicp,1,-0.8782545494,0.8782545494,123,2018-05
2018-06,industrial_production,1,0.8401685700,0.8401685700,124,2018-06
2018-06,unemployment_rate,2,-0.8523473869,0.8523473869,123,2018-06
2018-06,consumer_confidence,2,0.4705602465,0.4705602465,123,2018-06
2018-06,hicp,1,-0.8720950770,0.8720950770,124,2018-06
2018-07,industrial_production,1,0.8398117353,0.8398117353,125,2018-07
2018-07,unemployment_rate,2,-0.8472571460,0.8472571460,124,2018-07
2018-07,consumer_confidence,2,0.4656910443,0.4656910443,124,2018-07
2018-07,hicp,1,-0.8630451556,0.8630451556,125,2018-07
2018-08,industrial_production,1,0.8394642046,0.8394642046,126,2018-08
2018-08,unemployment_rate,2,-0.8417031933,0.8417031933,125,2018-08
2018-08,consumer_confidence,2,0.4549405546,0.4549405546,125,2018-08
2018-08,hicp,1,-0.8540612183,0.8540612183,126,2018-08
2018-09,industrial_production,1,0.8390408090,0.8390408090,127,2018-09
2018-09,unemployment_rate,2,-0.8354691621,0.8354691621,126,2018-09
2018-09,consumer_confidence,2,0.4478351343,0.4478351343,126,2018-09
2018-09,hicp,1,-0.8489575988,0.8489575988,127,2018-09
2018-10,industrial_production,1,0.8386595061,0.8386595061,128,2018-10
2018-10,unemployment_rate,2,-0.8287612779,0.8287612779,127,2018-10
2018-10,consumer_confidence,2,0.4444526242,0.4444526242,127,2018-10
2018-10,hicp,1,-0.8440985671,0.8440985671,128,2018-10
2018-11,industrial_production,1,0.8384850471,0.8384850471,129,2018-11
2018-11,unemployment_rate,2,-0.8226907745,0.8226907745,128,2018-11
2018-11,consumer_confidence,2,0.4406399292,0.4406399292,128,2018-11
2018-11,hicp,1,-0.8370834951,0.8370834951,129,2018-11
2018-12,industrial_production,1,0.8382513063,0.8382513063,130,2018-12
2018-12,unemployment_rate,2,-0.8175512775,0.8175512775,129,2018-12
2018-12,consumer_confidence,2,0.4293959088,0.4293959088,129,2018-12
2018-12,hicp,1,-0.8273697292,0.8273697292,130,2018-12
2019-01,industrial_production,1,0.8382364786,0.8382364786,131,2019-01
2019-01,unemployment_rate,2,-0.8124720534,0.8124720534,130,2019-01
2019-01,consumer_confidence,2,0.4213130876,0.4213130876,130,2019-01
2019-01,hicp,1,-0.8189741037,0.8189741037,131,2019-01
2019-02,industrial_production,1,0.8382377196,0.8382377196,132,2019-02
2019-02,unemployment_rate,2,-0.8086773120,0.8086773120,131,2019-02
2019-02,consumer_confidence,2,0.4154359137,0.4154359137,131,2019-02
2019-02,hicp,1,-0.8106524630,0.8106524630,132,2019-02
2019-03,industrial_production,1,0.8376783135,0.8376783135,133,2019-03
2019-03,unemployment_rate,2,-0.8043792256,0.8043792256,132,2019-03
2019-03,consumer_confidence,2,0.4118971667,0.4118971667,132,2019-03
2019-03,hicp,1,-0.8067853177,0.8067853177,133,2019-03
2019-04,industrial_production,1,0.8375178391,0.8375178391,134,2019-04
2019-04,unemployment_rate,2,-0.7995134797,0.7995134797,133,2019-04
2019-04,consumer_confidence,2,0.4048458031,0.4048458031,133,2019-04
2019-04,hicp,1,-0.8031122289,0.8031122289,134,2019-04
2019-05,industrial_production,1,0.8375274261,0.8375274261,135,2019-05
2019-05,unemployment_rate,2,-0.7953073608,0.7953073608,134,2019-05
2019-05,consumer_confidence,2,0.4014029802,0.4014029802,134,2019-05
2019-05,hicp,1,-0.7959595969,0.7959595969,135,2019-05
2019-06,industrial_production,1,0.8373972367,0.8373972367,136,2019-06
2019-06,unemployment_rate,2,-0.7914616470,0.7914616470,135,2019-06
2019-06,consumer_confidence,2,0.3984908856,0.3984908856,135,2019-06
2019-06,hicp,1,-0.7858221310,0.7858221310,136,2019-06
2019-07,industrial_production,1,0.8374117035,0.8374117035,137,2019-07
2019-07,unemployment_rate,2,-0.7882596745,0.7882596745,136,2019-07
2019-07,consumer_confidence,2,0.3976936941,0.3976936941,136,2019-07
2019-07,hicp,1,-0.7746951290,0.7746951290,137,2019-07
2019-08,industrial_production,1,0.8374525163,0.8374525163,138,2019-08
2019-08,unemployment_rate,2,-0.7855919392,0.7855919392,137,2019-08
2019-08,consumer_confidence,2,0.3979838839,0.3979838839,137,2019-08
2019-08,hicp,1,-0.7639469317,0.7639469317,138,2019-08
2019-09,industrial_production,1,0.8374434767,0.8374434767,139,2019-09
2019-09,unemployment_rate,2,-0.7826043072,0.7826043072,138,2019-09
2019-09,consumer_confidence,2,0.3943244140,0.3943244140,138,2019-09
2019-09,hicp,1,-0.7569749207,0.7569749207,139,2019-09
2019-10,industrial_production,1,0.8374964363,0.8374964363,140,2019-10
2019-10,unemployment_rate,2,-0.7803706069,0.7803706069,139,2019-10
2019-10,consumer_confidence,2,0.3936480542,0.3936480542,139,2019-10
2019-10,hicp,1,-0.7495976053,0.7495976053,140,2019-10
2019-11,industrial_production,1,0.8375306658,0.8375306658,141,2019-11
2019-11,unemployment_rate,2,-0.7777321202,0.7777321202,140,2019-11
2019-11,consumer_confidence,2,0.3936457652,0.3936457652,140,2019-11
2019-11,hicp,1,-0.7420618619,0.7420618619,141,2019-11
2019-12,industrial_production,1,0.8375731970,0.8375731970,142,2019-12
2019-12,unemployment_rate,2,-0.7753435988,0.7753435988,141,2019-12
2019-12,consumer_confidence,2,0.3930523401,0.3930523401,141,2019-12
2019-12,hicp,1,-0.7327777031,0.7327777031,142,2019-12
2020-01,industrial_production,1,0.8376264647,0.8376264647,143,2020-01
2020-01,unemployment_rate,2,-0.7729486781,0.7729486781,142,2020-01
2020-01,consumer_confidence,2,0.3925234873,0.3925234873,142,2020-01
2020-01,hicp,1,-0.7238912799,0.7238912799,143,2020-01
2020-02,industrial_production,1,0.8376337381,0.8376337381,144,2020-02
2020-02,unemployment_rate,2,-0.7704283845,0.7704283845,143,2020-02
2020-02,consumer_confidence,2,0.3923844644,0.3923844644,143,2020-02
2020-02,hicp,1,-0.7157562435,0.7157562435,144,2020-02
2020-03,industrial_production,1,0.8373135424,0.8373135424,145,2020-03
2020-03,unemployment_rate,2,-0.7688650366,0.7688650366,144,2020-03
2020-03,consumer_confidence,2,0.3932927053,0.3932927053,144,2020-03
2020-03,hicp,1,-0.7095438444,0.7095438444,145,2020-03
2020-04,industrial_production,2,0.8282353057,0.8282353057,145,2020-04
2020-04,unemployment_rate,2,-0.7438162986,0.7438162986,145,2020-04
2020-04,consumer_confidence,2,0.3695407385,0.3695407385,145,2020-04
2020-04,hicp,1,-0.7125609750,0.7125609750,146,2020-04
2020-05,industrial_production,1,0.8243660047,0.8243660047,147,2020-05
2020-05,unemployment_rate,2,-0.6796898409,0.6796898409,146,2020-05
2020-05,consumer_confidence,2,0.3150095021,0.3150095021,146,2020-05
2020-05,hicp,1,-0.7100848940,0.7100848940,147,2020-05
2020-06,industrial_production,1,0.8203775537,0.8203775537,148,2020-06
2020-06,unemployment_rate,2,-0.6528022723,0.6528022723,147,2020-06
2020-06,consumer_confidence,1,0.2981170886,0.2981170886,148,2020-06
2020-06,hicp,1,-0.7143197790,0.7143197790,148,2020-06
2020-07,industrial_production,1,0.8052929305,0.8052929305,149,2020-07
2020-07,unemployment_rate,2,-0.6486922570,0.6486922570,148,2020-07
2020-07,consumer_confidence,1,0.2988479436,0.2988479436,149,2020-07
2020-07,hicp,1,-0.7127455327,0.7127455327,149,2020-07
2020-08,industrial_production,1,0.8004491122,0.8004491122,150,2020-08
2020-08,unemployment_rate,2,-0.6460523013,0.6460523013,149,2020-08
2020-08,consumer_confidence,1,0.2972632121,0.2972632121,150,2020-08
2020-08,hicp,1,-0.7094059821,0.7094059821,150,2020-08
2020-09,industrial_production,1,0.7997860918,0.7997860918,151,2020-09
2020-09,unemployment_rate,2,-0.6442329307,0.6442329307,150,2020-09
2020-09,consumer_confidence,1,0.2962418233,0.2962418233,151,2020-09
2020-09,hicp,1,-0.7077457648,0.7077457648,151,2020-09
2020-10,industrial_production,1,0.7998280754,0.7998280754,152,2020-10
2020-10,unemployment_rate,2,-0.6423743545,0.6423743545,151,2020-10
2020-10,consumer_confidence,1,0.2962440892,0.2962440892,152,2020-10
2020-10,hicp,1,-0.7064054510,0.7064054510,152,2020-10
2020-11,industrial_production,1,0.7997971029,0.7997971029,153,2020-11
2020-11,unemployment_rate,2,-0.6411900685,0.6411900685,152,2020-11
2020-11,consumer_confidence,1,0.2952953680,0.2952953680,153,2020-11
2020-11,hicp,1,-0.7041289126,0.7041289126,153,2020-11
2020-12,industrial_production,1,0.7997958213,0.7997958213,154,2020-12
2020-12,unemployment_rate,2,-0.6397335628,0.6397335628,153,2020-12
2020-12,consumer_confidence,1,0.2922841175,0.2922841175,154,2020-12
2020-12,hicp,1,-0.7018723373,0.7018723373,154,2020-12
2021-01,industrial_production,1,0.7997919911,0.7997919911,155,2021-01
2021-01,unemployment_rate,2,-0.6390660056,0.6390660056,154,2021-01
2021-01,consumer_confidence,1,0.2911689633,0.2911689633,155,2021-01
2021-01,hicp,1,-0.6981504595,0.6981504595,155,2021-01
2021-02,industrial_production,1,0.7982852567,0.7982852567,156,2021-02
2021-02,unemployment_rate,2,-0.6336624056,0.6336624056,155,2021-02
2021-02,consumer_confidence,1,0.2842813209,0.2842813209,156,2021-02
2021-02,hicp,1,-0.6993833571,0.6993833571,156,2021-02
2021-03,industrial_production,1,0.7979901210,0.7979901210,157,2021-03
2021-03,unemployment_rate,2,-0.6307975657,0.6307975657,156,2021-03
2021-03,consumer_confidence,1,0.2792078525,0.2792078525,157,2021-03
2021-03,hicp,1,-0.6989307088,0.6989307088,157,2021-03
2021-04,industrial_production,1,0.7979496185,0.7979496185,158,2021-04
2021-04,unemployment_rate,2,-0.6296022315,0.6296022315,157,2021-04
2021-04,consumer_confidence,1,0.2773890318,0.2773890318,158,2021-04
2021-04,hicp,1,-0.6969647359,0.6969647359,158,2021-04
2021-05,industrial_production,1,0.7972610942,0.7972610942,159,2021-05
2021-05,unemployment_rate,2,-0.6263747290,0.6263747290,158,2021-05
2021-05,consumer_confidence,1,0.2718974266,0.2718974266,159,2021-05
2021-05,hicp,1,-0.6953332068,0.6953332068,159,2021-05
2021-06,industrial_production,1,0.7972763399,0.7972763399,160,2021-06
2021-06,unemployment_rate,2,-0.6240098409,0.6240098409,159,2021-06
2021-06,consumer_confidence,1,0.2683698534,0.2683698534,160,2021-06
2021-06,hicp,1,-0.6909167493,0.6909167493,160,2021-06
2021-07,industrial_production,1,0.7972863315,0.7972863315,161,2021-07
2021-07,unemployment_rate,2,-0.6224607723,0.6224607723,160,2021-07
2021-07,consumer_confidence,1,0.2663301703,0.2663301703,161,2021-07
2021-07,hicp,1,-0.6846903853,0.6846903853,161,2021-07
2021-08,industrial_production,1,0.7970514682,0.7970514682,162,2021-08
2021-08,unemployment_rate,2,-0.6210607400,0.6210607400,161,2021-08
2021-08,consumer_confidence,2,0.2630605029,0.2630605029,161,2021-08
2021-08,hicp,1,-0.6775917799,0.6775917799,162,2021-08
2021-09,industrial_production,1,0.7969116766,0.7969116766,163,2021-09
2021-09,unemployment_rate,2,-0.6199694664,0.6199694664,162,2021-09
2021-09,consumer_confidence,1,0.2605969257,0.2605969257,163,2021-09
2021-09,hicp,1,-0.6721853606,0.6721853606,163,2021-09
2021-10,industrial_production,1,0.7969161766,0.7969161766,164,2021-10
2021-10,unemployment_rate,2,-0.6188757725,0.6188757725,163,2021-10
2021-10,consumer_confidence,1,0.2600538086,0.2600538086,164,2021-10
2021-10,hicp,1,-0.6657346017,0.6657346017,164,2021-10
2021-11,industrial_production,1,0.7967985527,0.7967985527,165,2021-11
2021-11,unemployment_rate,2,-0.6177304761,0.6177304761,164,2021-11
2021-11,consumer_confidence,2,0.2588502989,0.2588502989,164,2021-11
2021-11,hicp,1,-0.6569466957,0.6569466957,165,2021-11
2021-12,industrial_production,1,0.7958839793,0.7958839793,166,2021-12
2021-12,unemployment_rate,2,-0.6185892651,0.6185892651,165,2021-12
2021-12,consumer_confidence,2,0.2621092164,0.2621092164,165,2021-12
2021-12,hicp,1,-0.6385369735,0.6385369735,166,2021-12
2022-01,industrial_production,1,0.7957680118,0.7957680118,167,2022-01
2022-01,unemployment_rate,2,-0.6164745572,0.6164745572,166,2022-01
2022-01,consumer_confidence,2,0.2600574933,0.2600574933,166,2022-01
2022-01,hicp,1,-0.6275624859,0.6275624859,167,2022-01
2022-02,industrial_production,1,0.7954567864,0.7954567864,168,2022-02
2022-02,unemployment_rate,2,-0.6139538464,0.6139538464,167,2022-02
2022-02,consumer_confidence,2,0.2587888726,0.2587888726,167,2022-02
2022-02,hicp,1,-0.6148302463,0.6148302463,168,2022-02
2022-03,industrial_production,1,0.7955276735,0.7955276735,169,2022-03
2022-03,unemployment_rate,2,-0.6127789855,0.6127789855,168,2022-03
2022-03,consumer_confidence,2,0.2592402294,0.2592402294,168,2022-03
2022-03,hicp,1,-0.6017268775,0.6017268775,169,2022-03
2022-04,industrial_production,1,0.7951857452,0.7951857452,170,2022-04
2022-04,unemployment_rate,2,-0.6091541392,0.6091541392,169,2022-04
2022-04,consumer_confidence,2,0.2566685928,0.2566685928,169,2022-04
2022-04,hicp,1,-0.5924588762,0.5924588762,170,2022-04
2022-05,industrial_production,1,0.7947930931,0.7947930931,171,2022-05
2022-05,unemployment_rate,2,-0.6075104966,0.6075104966,170,2022-05
2022-05,consumer_confidence,2,0.2561293129,0.2561293129,170,2022-05
2022-05,hicp,2,-0.5720530164,0.5720530164,170,2022-05
2022-06,industrial_production,1,0.7949133079,0.7949133079,172,2022-06
2022-06,unemployment_rate,2,-0.6070199291,0.6070199291,171,2022-06
2022-06,consumer_confidence,2,0.2570188248,0.2570188248,171,2022-06
2022-06,hicp,1,-0.5479212317,0.5479212317,172,2022-06
2022-07,industrial_production,1,0.7946873275,0.7946873275,173,2022-07
2022-07,unemployment_rate,2,-0.6054579160,0.6054579160,172,2022-07
2022-07,consumer_confidence,2,0.2565238092,0.2565238092,172,2022-07
2022-07,hicp,1,-0.5286561092,0.5286561092,173,2022-07
2022-08,industrial_production,1,0.7945893373,0.7945893373,174,2022-08
2022-08,unemployment_rate,2,-0.6032638605,0.6032638605,173,2022-08
2022-08,consumer_confidence,2,0.2541590547,0.2541590547,173,2022-08
2022-08,hicp,2,-0.5100788839,0.5100788839,173,2022-08
2022-09,industrial_production,1,0.7946770961,0.7946770961,175,2022-09
2022-09,unemployment_rate,2,-0.6022433544,0.6022433544,174,2022-09
2022-09,consumer_confidence,2,0.2548275092,0.2548275092,174,2022-09
2022-09,hicp,1,-0.4875380712,0.4875380712,175,2022-09
2022-10,industrial_production,1,0.7947186346,0.7947186346,176,2022-10
2022-10,unemployment_rate,2,-0.6009558231,0.6009558231,175,2022-10
2022-10,consumer_confidence,2,0.2552966373,0.2552966373,175,2022-10
2022-10,hicp,1,-0.4689272590,0.4689272590,176,2022-10
2022-11,industrial_production,1,0.7946926769,0.7946926769,177,2022-11
2022-11,unemployment_rate,2,-0.5994441053,0.5994441053,176,2022-11
2022-11,consumer_confidence,2,0.2548827173,0.2548827173,176,2022-11
2022-11,hicp,1,-0.4532860434,0.4532860434,177,2022-11
2022-12,industrial_production,1,0.7947198336,0.7947198336,178,2022-12
2022-12,unemployment_rate,2,-0.5982004092,0.5982004092,177,2022-12
2022-12,consumer_confidence,2,0.2548289186,0.2548289186,177,2022-12
2022-12,hicp,1,-0.4386215804,0.4386215804,178,2022-12
2023-01,industrial_production,1,0.7947178642,0.7947178642,179,2023-01
2023-01,unemployment_rate,2,-0.5969016360,0.5969016360,178,2023-01
2023-01,consumer_confidence,2,0.2539685579,0.2539685579,178,2023-01
2023-01,hicp,1,-0.4260095721,0.4260095721,179,2023-01
2023-02,industrial_production,1,0.7947046950,0.7947046950,180,2023-02
2023-02,unemployment_rate,2,-0.5972615523,0.5972615523,179,2023-02
2023-02,consumer_confidence,2,0.2561782133,0.2561782133,179,2023-02
2023-02,hicp,1,-0.4098805522,0.4098805522,180,2023-02
2023-03,industrial_production,1,0.7947242238,0.7947242238,181,2023-03
2023-03,unemployment_rate,2,-0.5968828791,0.5968828791,180,2023-03
2023-03,consumer_confidence,2,0.2567009278,0.2567009278,180,2023-03
2023-03,hicp,1,-0.3975556692,0.3975556692,181,2023-03
2023-04,industrial_production,1,0.7944726910,0.7944726910,182,2023-04
2023-04,unemployment_rate,2,-0.5969547830,0.5969547830,181,2023-04
2023-04,consumer_confidence,2,0.2581043111,0.2581043111,181,2023-04
2023-04,hicp,1,-0.3832813129,0.3832813129,182,2023-04
2023-05,industrial_production,1,0.7944650575,0.7944650575,183,2023-05
2023-05,unemployment_rate,2,-0.5978760362,0.5978760362,182,2023-05
2023-05,consumer_confidence,2,0.2613926750,0.2613926750,182,2023-05
2023-05,hicp,1,-0.3654618623,0.3654618623,183,2023-05
2023-06,industrial_production,1,0.7941010358,0.7941010358,184,2023-06
2023-06,unemployment_rate,2,-0.5984258280,0.5984258280,183,2023-06
2023-06,consumer_confidence,2,0.2639927830,0.2639927830,183,2023-06
2023-06,hicp,1,-0.3489187348,0.3489187348,184,2023-06
2023-07,industrial_production,1,0.7934999642,0.7934999642,185,2023-07
2023-07,unemployment_rate,2,-0.5988409868,0.5988409868,184,2023-07
2023-07,consumer_confidence,2,0.2666395831,0.2666395831,184,2023-07
2023-07,hicp,1,-0.3336465728,0.3336465728,185,2023-07
2023-08,industrial_production,1,0.7930577499,0.7930577499,186,2023-08
2023-08,unemployment_rate,2,-0.5992975412,0.5992975412,185,2023-08
2023-08,consumer_confidence,2,0.2693637423,0.2693637423,185,2023-08
2023-08,hicp,1,-0.3183388233,0.3183388233,186,2023-08
2023-09,industrial_production,1,0.7927395395,0.7927395395,187,2023-09
2023-09,unemployment_rate,2,-0.5991012303,0.5991012303,186,2023-09
2023-09,consumer_confidence,2,0.2711073389,0.2711073389,186,2023-09
2023-09,hicp,1,-0.3056253340,0.3056253340,187,2023-09
2023-10,industrial_production,1,0.7923594239,0.7923594239,188,2023-10
2023-10,unemployment_rate,2,-0.5984973275,0.5984973275,187,2023-10
2023-10,consumer_confidence,2,0.2721466138,0.2721466138,187,2023-10
2023-10,hicp,1,-0.2942232704,0.2942232704,188,2023-10
2023-11,industrial_production,1,0.7920491515,0.7920491515,189,2023-11
2023-11,unemployment_rate,2,-0.5983862652,0.5983862652,188,2023-11
2023-11,consumer_confidence,2,0.2737668509,0.2737668509,188,2023-11
2023-11,hicp,1,-0.2817556406,0.2817556406,189,2023-11
2023-12,industrial_production,1,0.7908437940,0.7908437940,190,2023-12
2023-12,unemployment_rate,2,-0.5995581116,0.5995581116,189,2023-12
2023-12,consumer_confidence,2,0.2769256059,0.2769256059,189,2023-12
2023-12,hicp,1,-0.2662555491,0.2662555491,190,2023-12
2024-01,industrial_production,1,0.7905867108,0.7905867108,191,2024-01
2024-01,unemployment_rate,2,-0.5998244268,0.5998244268,190,2024-01
2024-01,consumer_confidence,2,0.2790333163,0.2790333163,190,2024-01
2024-01,hicp,1,-0.2546661414,0.2546661414,191,2024-01
2024-02,industrial_production,1,0.7897871560,0.7897871560,192,2024-02
2024-02,unemployment_rate,2,-0.6004429562,0.6004429562,191,2024-02
2024-02,consumer_confidence,2,0.2817323368,0.2817323368,191,2024-02
2024-02,hicp,1,-0.2427855734,0.2427855734,192,2024-02
2024-03,industrial_production,1,0.7897841993,0.7897841993,193,2024-03
2024-03,unemployment_rate,2,-0.6010978894,0.6010978894,192,2024-03
2024-03,consumer_confidence,2,0.2844751149,0.2844751149,192,2024-03
2024-03,hicp,1,-0.2315214029,0.2315214029,193,2024-03
2024-04,industrial_production,1,0.7900285027,0.7900285027,194,2024-04
2024-04,unemployment_rate,2,-0.6014039081,0.6014039081,193,2024-04
2024-04,consumer_confidence,2,0.2863777066,0.2863777066,193,2024-04
2024-04,hicp,1,-0.2213179775,0.2213179775,194,2024-04
2024-05,industrial_production,1,0.7895863670,0.7895863670,195,2024-05
2024-05,unemployment_rate,2,-0.6024055721,0.6024055721,194,2024-05
2024-05,consumer_confidence,2,0.2892771091,0.2892771091,194,2024-05
2024-05,hicp,1,-0.2084799038,0.2084799038,195,2024-05
2024-06,industrial_production,1,0.7891883433,0.7891883433,196,2024-06
2024-06,unemployment_rate,2,-0.6029624340,0.6029624340,195,2024-06
2024-06,consumer_confidence,2,0.2917174539,0.2917174539,195,2024-06
2024-06,hicp,1,-0.1968705467,0.1968705467,196,2024-06
2024-07,industrial_production,1,0.7885355765,0.7885355765,197,2024-07
2024-07,unemployment_rate,2,-0.6034478450,0.6034478450,196,2024-07
2024-07,consumer_confidence,2,0.2941018883,0.2941018883,196,2024-07
2024-07,hicp,1,-0.1858773194,0.1858773194,197,2024-07
2024-08,industrial_production,1,0.7878028900,0.7878028900,198,2024-08
2024-08,unemployment_rate,2,-0.6046584582,0.6046584582,197,2024-08
2024-08,consumer_confidence,2,0.2975629773,0.2975629773,197,2024-08
2024-08,hicp,1,-0.1731486878,0.1731486878,198,2024-08
2024-09,industrial_production,1,0.7864602989,0.7864602989,199,2024-09
2024-09,unemployment_rate,2,-0.6061466364,0.6061466364,198,2024-09
2024-09,consumer_confidence,2,0.3002492083,0.3002492083,198,2024-09
2024-09,hicp,1,-0.1608375245,0.1608375245,199,2024-09
2024-10,industrial_production,1,0.7842172721,0.7842172721,200,2024-10
2024-10,unemployment_rate,2,-0.6081312946,0.6081312946,199,2024-10
2024-10,consumer_confidence,2,0.3046833216,0.3046833216,199,2024-10
2024-10,hicp,1,-0.1475601959,0.1475601959,200,2024-10
2024-11,industrial_production,1,0.7831284505,0.7831284505,201,2024-11
2024-11,unemployment_rate,2,-0.6101904897,0.6101904897,200,2024-11
2024-11,consumer_confidence,2,0.3080667613,0.3080667613,200,2024-11
2024-11,hicp,1,-0.1346367382,0.1346367382,201,2024-11
2024-12,industrial_production,1,0.7829259159,0.7829259159,202,2024-12
2024-12,unemployment_rate,2,-0.6114771572,0.6114771572,201,2024-12
2024-12,consumer_confidence,2,0.3112091249,0.3112091249,201,2024-12
2024-12,hicp,1,-0.1239090898,0.1239090898,202,2024-12
2025-01,industrial_production,1,0.7806220973,0.7806220973,203,2025-01
2025-01,unemployment_rate,2,-0.6141482007,0.6141482007,202,2025-01
2025-01,consumer_confidence,2,0.3167521860,0.3167521860,202,2025-01
2025-01,hicp,1,-0.1097893452,0.1097893452,203,2025-01
2025-02,industrial_production,1,0.7801249600,0.7801249600,204,2025-02
2025-02,unemployment_rate,2,-0.6160844658,0.6160844658,203,2025-02
2025-02,consumer_confidence,2,0.3206664772,0.3206664772,203,2025-02
2025-02,hicp,1,-0.0978243572,0.0978243572,204,2025-02
2025-03,industrial_production,1,0.7786796802,0.7786796802,205,2025-03
2025-03,unemployment_rate,2,-0.6188114521,0.6188114521,204,2025-03
2025-03,consumer_confidence,2,0.3250494122,0.3250494122,204,2025-03
2025-03,hicp,1,-0.0841582703,0.0841582703,205,2025-03
2025-04,industrial_production,1,0.7780485833,0.7780485833,206,2025-04
2025-04,unemployment_rate,2,-0.6211602241,0.6211602241,205,2025-04
2025-04,consumer_confidence,2,0.3297251562,0.3297251562,205,2025-04
2025-04,hicp,1,-0.0716722032,0.0716722032,206,2025-04
2025-05,industrial_production,1,0.7764795418,0.7764795418,207,2025-05
2025-05,unemployment_rate,2,-0.6243623035,0.6243623035,206,2025-05
2025-05,consumer_confidence,2,0.3363528817,0.3363528817,206,2025-05
2025-05,hicp,1,-0.0562306172,0.0562306172,207,2025-05
2025-06,industrial_production,1,0.7747107751,0.7747107751,208,2025-06
2025-06,unemployment_rate,2,-0.6274378595,0.6274378595,207,2025-06
2025-06,consumer_confidence,2,0.3421065562,0.3421065562,207,2025-06
2025-06,hicp,1,-0.0411045524,0.0411045524,208,2025-06
2025-07,industrial_production,1,0.7723781712,0.7723781712,209,2025-07
2025-07,unemployment_rate,2,-0.6309850133,0.6309850133,208,2025-07
2025-07,consumer_confidence,2,0.3484372610,0.3484372610,208,2025-07
2025-07,hicp,1,-0.0248560175,0.0248560175,209,2025-07
2025-08,industrial_production,1,0.7712144258,0.7712144258,210,2025-08
2025-08,unemployment_rate,2,-0.6342408812,0.6342408812,209,2025-08
2025-08,consumer_confidence,2,0.3551638492,0.3551638492,209,2025-08
2025-08,hicp,1,-0.0095271487,0.0095271487,210,2025-08
2025-09,industrial_production,1,0.7695611690,0.7695611690,211,2025-09
2025-09,unemployment_rate,2,-0.6376000997,0.6376000997,210,2025-09
2025-09,consumer_confidence,2,0.3618732040,0.3618732040,210,2025-09
2025-09,hicp,2,0.0215942705,0.0215942705,210,2025-09
2025-10,industrial_production,1,0.7676104625,0.7676104625,212,2025-10
2025-10,unemployment_rate,2,-0.6409667878,0.6409667878,211,2025-10
2025-10,consumer_confidence,2,0.3688305457,0.3688305457,211,2025-10
2025-10,hicp,2,0.0368487433,0.0368487433,211,2025-10
2025-11,industrial_production,1,0.7661268971,0.7661268971,213,2025-11
2025-11,unemployment_rate,2,-0.6442493368,0.6442493368,212,2025-11
2025-11,consumer_confidence,2,0.3739978799,0.3739978799,212,2025-11
2025-11,hicp,2,0.0513082523,0.0513082523,212,2025-11
2025-12,industrial_production,1,0.7648051279,0.7648051279,214,2025-12
2025-12,unemployment_rate,2,-0.6478384557,0.6478384557,213,2025-12
2025-12,consumer_confidence,2,0.3808848520,0.3808848520,213,2025-12
2025-12,hicp,2,0.0668378268,0.0668378268,213,2025-12
